chroma-C,chroma-C#,chroma-D,chroma-D#,chroma-E,chroma-F,chroma-F#,chroma-G,chroma-G#,chroma-A,chroma-A#,chroma-B,chord
1.000000,0.474419,0.334988,0.341598,0.667177,0.337741,0.306405,0.643069,0.332532,0.184339,0.301284,0.692343,C
0.797777,0.376180,0.310650,0.451145,0.956217,0.429783,0.209494,0.500677,0.201296,0.158536,0.368053,0.779310,C
0.720080,0.364309,0.275361,0.454299,0.997995,0.442528,0.238233,0.602828,0.223155,0.130893,0.383077,0.949474,C
0.989251,0.481629,0.253055,0.240234,0.664009,0.237745,0.262053,0.632414,0.267259,0.146530,0.225337,0.507757,C
0.995607,0.492020,0.207924,0.219564,0.631974,0.196603,0.239345,0.768123,0.223543,0.102113,0.218322,0.514164,C
0.993060,0.540420,0.232366,0.351207,0.943169,0.303106,0.282128,0.793078,0.242906,0.131975,0.303071,0.580503,C
0.871093,0.478351,0.436258,0.331088,0.905938,0.327365,0.305446,0.830191,0.370948,0.150200,0.181018,0.492524,C
0.995884,0.496977,0.230278,0.258458,0.781994,0.223622,0.183404,0.615808,0.165679,0.050907,0.124983,0.450522,C
1.000000,0.492795,0.132807,0.249879,0.762927,0.225162,0.186938,0.592450,0.149369,0.041110,0.120251,0.442320,C
0.916148,0.496728,0.467282,0.333332,0.794117,0.321883,0.410769,0.917910,0.485411,0.203164,0.277487,0.555080,C
0.790543,0.439503,0.335997,0.250597,0.630462,0.215900,0.311293,1.000000,0.296324,0.139672,0.274696,0.493920,C
0.668562,0.421919,0.279441,0.306495,0.765143,0.283117,0.345917,0.998661,0.367998,0.140714,0.282962,0.480439,C
0.871775,0.505097,0.498907,0.198421,0.389714,0.195400,0.307289,0.858837,0.307316,0.137399,0.190529,0.556045,C
1.000000,0.487995,0.205813,0.078803,0.171560,0.066252,0.136969,0.467978,0.114920,0.045630,0.120980,0.469704,C
1.000000,0.486596,0.122274,0.046016,0.111641,0.038283,0.145959,0.481862,0.117883,0.039618,0.119354,0.438047,C
0.196398,0.482903,0.932667,0.434463,0.269401,0.180328,0.397261,0.185266,0.346013,0.927750,0.377761,0.146413,D
0.197601,0.509967,1.000000,0.494390,0.246090,0.201294,0.513620,0.181193,0.265646,0.853735,0.276912,0.117739,D
0.149313,0.481513,1.000000,0.467818,0.177922,0.111706,0.285032,0.102426,0.198353,0.636923,0.203634,0.081828,D
0.203948,0.596626,1.000000,0.353522,0.205666,0.232507,0.710533,0.198823,0.249045,0.660507,0.334479,0.122388,D
0.115163,0.451431,1.000000,0.344711,0.090005,0.195697,0.708404,0.175835,0.293021,0.842995,0.310953,0.072911,D
0.101493,0.418311,1.000000,0.375708,0.067940,0.182796,0.626349,0.169357,0.292642,0.766842,0.303184,0.067227,D
0.129374,0.577033,0.987364,0.411006,0.347750,0.231342,0.538948,0.207849,0.341651,0.976525,0.310900,0.099699,D
0.063504,0.445935,1.000000,0.378995,0.094432,0.111701,0.341527,0.103273,0.244845,0.788701,0.207998,0.031375,D
0.066788,0.437144,1.000000,0.402069,0.068015,0.116109,0.359209,0.113638,0.279328,0.794520,0.246576,0.034581,D
0.194010,0.439670,0.999352,0.429102,0.323523,0.228603,0.371659,0.220715,0.291222,0.759312,0.331553,0.140199,D
0.190962,0.449846,1.000000,0.404487,0.182595,0.109773,0.199899,0.100841,0.169679,0.616767,0.186029,0.095823,D
0.147058,0.461020,0.944026,0.411385,0.166623,0.108664,0.178035,0.104764,0.283407,0.987763,0.308442,0.074788,D
0.213826,0.446464,0.874125,0.441427,0.449000,0.302293,0.474305,0.310496,0.389777,0.958996,0.450901,0.167493,D
0.218626,0.436611,0.748577,0.392192,0.324272,0.168589,0.278801,0.151815,0.284999,0.993550,0.316242,0.116541,D
0.140173,0.228062,0.290823,0.188578,0.161982,0.112334,0.182376,0.112183,0.302067,1.000000,0.327904,0.081303,D
0.424595,0.227550,0.314088,0.554989,0.792509,0.447676,0.381022,0.347627,0.669910,0.448753,0.430474,0.994552,E
0.452832,0.207124,0.250599,0.547710,0.969219,0.478017,0.295505,0.230027,0.520442,0.305656,0.412972,0.946102,E
0.495694,0.231683,0.284907,0.519946,0.909101,0.490331,0.267661,0.311205,0.753793,0.391972,0.467146,0.955231,E
0.351462,0.100783,0.196125,0.544581,1.000000,0.305462,0.135194,0.221905,0.718006,0.182782,0.289766,0.747198,E
0.388935,0.056944,0.099842,0.354955,0.906031,0.236803,0.054992,0.210322,0.816614,0.175945,0.356733,0.968561,E
0.388921,0.038733,0.056024,0.323789,0.944609,0.270975,0.044266,0.230533,0.825541,0.188932,0.375312,0.987880,E
0.257767,0.051165,0.095735,0.409791,1.000000,0.293948,0.085436,0.147188,0.434533,0.124783,0.279155,0.823921,E
0.234511,0.028120,0.049129,0.368259,1.000000,0.290142,0.043899,0.151624,0.516440,0.128751,0.253048,0.713807,E
0.179323,0.018309,0.031921,0.347899,1.000000,0.288736,0.029189,0.101654,0.353463,0.093496,0.197528,0.478931,E
0.379496,0.164513,0.263222,0.498502,0.813138,0.405981,0.253981,0.282696,0.581908,0.366101,0.394771,0.958857,E
0.275581,0.146120,0.245422,0.558388,1.000000,0.493685,0.212831,0.197137,0.495434,0.243556,0.262540,0.680195,E
0.244686,0.140613,0.258591,0.541775,1.000000,0.498575,0.215566,0.290544,0.736652,0.311319,0.251864,0.745579,E
0.269119,0.102731,0.167440,0.436835,0.656323,0.310837,0.210993,0.387988,1.000000,0.447883,0.291159,0.709019,E
0.226536,0.083724,0.159432,0.511026,0.944302,0.418396,0.146648,0.238371,0.773488,0.283582,0.208151,0.572587,E
0.221646,0.049734,0.126079,0.501090,0.996478,0.427465,0.162287,0.299815,0.890455,0.335273,0.237089,0.790837,E
1.000000,0.432512,0.181858,0.205806,0.367988,0.527497,0.284092,0.237460,0.271068,0.584017,0.391820,0.428274,F
0.940436,0.499089,0.293774,0.301354,0.515035,0.750508,0.392643,0.460078,0.343520,0.873606,0.547314,0.465252,F
0.871861,0.491717,0.255921,0.266428,0.436794,0.663870,0.383960,0.399317,0.379777,0.985946,0.528365,0.456925,F
0.926487,0.530578,0.251862,0.406448,0.774099,0.767883,0.478496,0.442917,0.339931,0.559269,0.402547,0.482086,F
1.000000,0.524398,0.187036,0.286796,0.531929,0.392135,0.261754,0.357440,0.380432,0.680820,0.420277,0.490662,F
0.485864,0.298086,0.193272,0.324414,0.518723,0.463789,0.341557,0.353920,0.542576,1.000000,0.557637,0.345980,F
0.893900,0.424843,0.200932,0.322496,0.509855,0.546681,0.377258,0.312459,0.391902,0.985562,0.477790,0.437377,F
0.698079,0.348102,0.146575,0.201187,0.284071,0.308549,0.209339,0.251995,0.393012,1.000000,0.449038,0.346842,F
0.256168,0.191276,0.147795,0.218682,0.307780,0.370061,0.266069,0.262639,0.473686,1.000000,0.521167,0.245030,F
0.821505,0.422383,0.142972,0.236215,0.549208,0.886206,0.373876,0.270477,0.344819,0.867179,0.365439,0.314354,F
0.488893,0.218149,0.057842,0.108679,0.330667,0.589943,0.198249,0.153549,0.354128,1.000000,0.357253,0.187562,F
0.519896,0.193982,0.038032,0.089722,0.358578,0.630684,0.219904,0.142435,0.377563,1.000000,0.392950,0.200326,F
0.297467,0.141584,0.073626,0.173605,0.509465,0.983469,0.322786,0.111371,0.226053,0.826879,0.175702,0.100498,F
0.197225,0.063709,0.039471,0.100933,0.366814,0.992715,0.257316,0.043016,0.221702,0.899098,0.172587,0.059334,F
0.056994,0.018046,0.015614,0.046887,0.331969,1.000000,0.294730,0.028816,0.178710,0.681078,0.139014,0.019140,F
0.437931,0.424488,0.808918,0.454830,0.202878,0.232806,0.567437,1.000000,0.586852,0.584449,0.468688,0.797370,G
0.437449,0.492465,0.989730,0.512799,0.178277,0.200871,0.531320,0.823863,0.515307,0.661399,0.485115,0.768429,G
0.442615,0.470382,0.989044,0.477187,0.154702,0.170275,0.486473,0.941593,0.600339,0.806434,0.510229,0.711668,G
0.352116,0.408705,1.000000,0.584168,0.222527,0.216883,0.390036,0.498919,0.309704,0.383100,0.294918,0.564750,G
0.389912,0.368454,0.859599,0.573722,0.186892,0.216004,0.573303,0.995174,0.528963,0.500518,0.330473,0.639607,G
0.256936,0.449672,1.000000,0.580910,0.174798,0.187798,0.448888,0.732375,0.444808,0.502799,0.244935,0.387804,G
0.456511,0.470208,1.000000,0.626462,0.194473,0.203506,0.457633,0.425166,0.353914,0.473453,0.427869,0.745541,G
0.409228,0.454234,1.000000,0.602317,0.155398,0.165283,0.423544,0.399076,0.344016,0.514131,0.423570,0.712585,G
0.518441,0.427150,0.851513,0.543594,0.173959,0.166241,0.354850,0.404812,0.459924,0.936527,0.582841,0.812674,G
0.517381,0.454096,0.868261,0.717423,0.232448,0.239543,0.545242,0.629229,0.504438,0.604080,0.524483,0.998498,G
0.416409,0.453820,0.967670,0.696234,0.203289,0.198514,0.489220,0.590632,0.515213,0.708844,0.495722,0.904337,G
0.175387,0.429025,1.000000,0.524930,0.130392,0.115645,0.255539,0.303219,0.339399,0.636474,0.238763,0.258029,G
0.152254,0.345354,1.000000,0.308580,0.072456,0.111413,0.172944,0.344723,0.186595,0.318359,0.185519,0.517339,G
0.112251,0.365491,1.000000,0.325486,0.036489,0.044966,0.140154,0.403257,0.145810,0.211189,0.128087,0.376096,G
0.059528,0.383158,1.000000,0.346358,0.027579,0.020172,0.104646,0.309888,0.106616,0.112847,0.049860,0.122896,G
0.353956,0.673944,0.336823,0.361731,0.789348,0.372817,0.136583,0.187468,0.578948,0.926082,0.565550,0.566849,A
0.290721,0.473504,0.251264,0.432870,0.973358,0.430004,0.125841,0.147828,0.467765,0.919710,0.506995,0.613089,A
0.255363,0.211091,0.179608,0.450729,1.000000,0.446443,0.131362,0.164608,0.407434,0.731794,0.512904,0.827845,A
0.264896,0.584065,0.338329,0.316219,0.684182,0.421632,0.140716,0.174414,0.560546,0.967600,0.479757,0.347593,A
0.169140,0.383231,0.173916,0.158349,0.448124,0.244665,0.064393,0.116320,0.512947,1.000000,0.438672,0.252301,A
0.116043,0.273320,0.103299,0.096400,0.248329,0.158993,0.053348,0.102262,0.453880,1.000000,0.447334,0.187987,A
0.338273,0.892149,0.358086,0.261070,0.734479,0.487027,0.122380,0.139622,0.539263,0.995370,0.381763,0.239538,A
0.179252,0.511504,0.176925,0.136565,0.424832,0.259202,0.038763,0.064791,0.438687,1.000000,0.345741,0.129428,A
0.109744,0.310988,0.106293,0.178279,0.509686,0.236213,0.031002,0.065241,0.442271,1.000000,0.404734,0.113030,A
0.425786,0.664692,0.388428,0.476084,0.823034,0.384358,0.193218,0.247182,0.630500,1.000000,0.662069,0.686382,A
0.394162,0.522949,0.306283,0.472621,0.976380,0.419034,0.127079,0.186543,0.573030,0.908082,0.565689,0.717562,A
0.385946,0.388979,0.274435,0.442064,0.923852,0.408755,0.113118,0.175410,0.582225,0.994238,0.595074,0.892795,A
0.170915,0.492299,0.165314,0.321004,1.000000,0.289193,0.137814,0.177564,0.440002,0.724157,0.384868,0.164917,A
0.091570,0.234056,0.067214,0.296384,0.984866,0.256484,0.063215,0.128203,0.469383,0.925543,0.478242,0.139620,A
0.043193,0.046990,0.028243,0.269001,0.859880,0.244295,0.062069,0.122100,0.474550,1.000000,0.511477,0.145288,A
0.517928,0.263404,0.347070,0.941175,0.351700,0.345797,0.827543,0.361011,0.125718,0.182162,0.586674,0.989598,B
0.511568,0.225492,0.316670,0.808580,0.257385,0.192230,0.533486,0.202223,0.081058,0.160137,0.559308,1.000000,B
0.539074,0.214645,0.366268,0.885759,0.304842,0.201997,0.511586,0.182430,0.074552,0.159913,0.574730,0.992353,B
0.488434,0.444796,0.342609,0.917512,0.361730,0.292018,0.821146,0.355467,0.140949,0.154629,0.536374,0.910398,B
0.438968,0.268661,0.359147,0.971945,0.333068,0.262291,0.911047,0.244889,0.066917,0.110472,0.433139,0.820565,B
0.506641,0.162819,0.375238,1.000000,0.342164,0.262115,0.841308,0.213797,0.062588,0.122407,0.496332,0.956487,B
0.413110,0.362084,0.358933,0.898178,0.415507,0.429445,0.977748,0.469330,0.141562,0.191075,0.515969,0.646580,B
0.539809,0.294226,0.381364,0.943895,0.374206,0.320354,0.839734,0.317915,0.108604,0.204965,0.626867,0.911884,B
0.566354,0.229211,0.365325,0.856401,0.336833,0.227424,0.559266,0.202419,0.079225,0.172039,0.606055,1.000000,B
0.365413,0.219758,0.338364,1.000000,0.301272,0.207475,0.585878,0.221531,0.080335,0.125017,0.466761,0.739636,B
0.294109,0.117110,0.343173,1.000000,0.273966,0.173712,0.579589,0.165087,0.038847,0.078269,0.408902,0.707668,B
0.176243,0.065971,0.362793,1.000000,0.301564,0.127697,0.439374,0.107514,0.016608,0.039944,0.274177,0.489383,B
0.372385,0.144297,0.126057,0.400910,0.108723,0.191967,0.595100,0.172689,0.057550,0.085715,0.457953,1.000000,B
0.406921,0.071788,0.072518,0.250379,0.054338,0.177788,0.629150,0.150935,0.024895,0.052264,0.448276,1.000000,B
0.388399,0.024175,0.036241,0.126417,0.033882,0.171451,0.579576,0.143252,0.014675,0.026500,0.380658,1.000000,B
0.999647,0.519594,0.366212,0.598813,0.434398,0.180291,0.270167,0.659819,0.254133,0.154910,0.311879,0.444688,Cm
1.000000,0.489563,0.329925,0.561216,0.336012,0.084956,0.215145,0.698880,0.188395,0.105263,0.267695,0.457582,Cm
0.976899,0.543621,0.533426,0.997927,0.516737,0.093511,0.268205,0.795147,0.236070,0.137588,0.373274,0.528973,Cm
0.908290,0.511351,0.565615,0.850988,0.288456,0.166367,0.397144,0.921569,0.453347,0.225300,0.420667,0.443930,Cm
0.931362,0.541199,0.632951,0.995022,0.324023,0.087308,0.264485,0.755997,0.260348,0.182551,0.450193,0.496742,Cm
0.560454,0.365674,0.481273,0.787557,0.271466,0.064719,0.333168,1.000000,0.347970,0.129699,0.300925,0.337876,Cm
0.932817,0.511507,0.636400,0.899491,0.343735,0.162537,0.299204,0.888037,0.281469,0.131884,0.194975,0.506228,Cm
0.930979,0.468110,0.460415,0.888021,0.281469,0.054631,0.158101,0.530417,0.128163,0.048242,0.128293,0.414734,Cm
0.999904,0.497850,0.416677,0.914504,0.296442,0.037590,0.179032,0.586582,0.147373,0.047571,0.135967,0.438371,Cm
1.000000,0.491536,0.390509,0.827996,0.518447,0.119963,0.210433,0.730069,0.171618,0.096454,0.284288,0.395742,Cm
0.999431,0.439115,0.378762,0.893893,0.530780,0.064016,0.200889,0.776068,0.158314,0.059394,0.219100,0.378169,Cm
0.601119,0.253744,0.401362,1.000000,0.499097,0.045470,0.200064,0.741683,0.166708,0.042402,0.160773,0.226250,Cm
0.840298,0.485542,0.718828,0.985321,0.503768,0.200555,0.353750,0.771292,0.425123,0.265166,0.551584,0.473980,Cm
0.554891,0.345675,0.626536,1.000000,0.480281,0.121128,0.175976,0.514091,0.181196,0.174538,0.463586,0.353944,Cm
0.381156,0.290445,0.582976,1.000000,0.474108,0.105321,0.172880,0.470636,0.194689,0.194719,0.611822,0.327254,Cm
0.224181,0.418266,0.939934,0.454969,0.364438,0.467779,0.202266,0.111531,0.323255,0.898204,0.357248,0.138172,Dm
0.216089,0.490498,1.000000,0.506621,0.385386,0.575046,0.216814,0.088608,0.252237,0.810397,0.251257,0.114232,Dm
0.166250,0.465924,1.000000,0.472034,0.257006,0.369539,0.112113,0.060441,0.226996,0.721553,0.233304,0.090227,Dm
0.249059,0.445914,0.998337,0.370175,0.288331,0.548735,0.227677,0.104289,0.313140,0.841376,0.320657,0.133223,Dm
0.165428,0.412252,1.000000,0.360241,0.182821,0.376785,0.129583,0.053737,0.308382,0.889834,0.308527,0.086253,Dm
0.133065,0.409516,1.000000,0.382254,0.192847,0.435552,0.138426,0.042078,0.245052,0.659929,0.249107,0.065844,Dm
0.242287,0.412105,1.000000,0.468715,0.384276,0.390050,0.259330,0.100967,0.267822,0.729357,0.299713,0.151500,Dm
0.184253,0.414945,1.000000,0.425198,0.217385,0.211495,0.121469,0.041359,0.150400,0.544399,0.151362,0.081796,Dm
0.165097,0.414402,0.909873,0.412306,0.192497,0.181374,0.108533,0.045234,0.288557,0.995997,0.292744,0.078417,Dm
0.266429,0.384983,0.743159,0.424632,0.421171,0.685004,0.205659,0.134562,0.388856,0.999827,0.426036,0.156387,Dm
0.204695,0.468581,1.000000,0.482353,0.368181,0.632568,0.198087,0.066044,0.227781,0.754219,0.231057,0.084793,Dm
0.145063,0.445211,1.000000,0.447341,0.296113,0.513721,0.155585,0.047788,0.198921,0.631154,0.203621,0.064167,Dm
0.115147,0.355990,0.669474,0.319269,0.472753,0.890907,0.291683,0.116904,0.333029,0.999698,0.284835,0.087457,Dm
0.072266,0.389792,0.873963,0.354050,0.294839,0.727750,0.201128,0.047246,0.306166,0.985129,0.263571,0.038893,Dm
0.069625,0.431869,1.000000,0.399733,0.256063,0.685498,0.197008,0.033863,0.208739,0.616371,0.184499,0.028732,Dm
0.426578,0.268583,0.444317,0.541321,0.780126,0.474381,0.562763,0.679875,0.463124,0.250951,0.410705,0.997055,Em
0.445350,0.220121,0.319966,0.533105,0.933262,0.469647,0.340904,0.465397,0.293820,0.216184,0.409448,0.953686,Em
0.474075,0.201217,0.273475,0.477166,0.890333,0.476204,0.361287,0.601934,0.339160,0.182004,0.439166,0.960002,Em
0.298337,0.109014,0.319705,0.425469,0.991894,0.316702,0.205589,0.551693,0.221758,0.081354,0.315397,0.823874,Em
0.357491,0.060796,0.153415,0.308270,0.905864,0.238581,0.186863,0.626347,0.163361,0.041513,0.351941,0.958983,Em
0.375195,0.040305,0.073263,0.313608,0.928128,0.275302,0.233284,0.748170,0.173978,0.035670,0.366865,0.987753,Em
0.343832,0.225531,0.384158,0.548040,0.998252,0.481811,0.469875,0.827245,0.441700,0.187216,0.324999,0.697132,Em
0.354712,0.185631,0.306050,0.526708,1.000000,0.477661,0.325932,0.522510,0.251215,0.131279,0.322458,0.787230,Em
0.483930,0.218040,0.306773,0.460781,0.784302,0.458912,0.374322,0.772610,0.385381,0.163764,0.447181,1.000000,Em
0.461911,0.259605,0.435218,0.621152,0.979148,0.554917,0.557751,0.752593,0.486487,0.224860,0.431161,0.895228,Em
0.450081,0.229785,0.351084,0.584281,0.994538,0.525747,0.382655,0.540105,0.301976,0.175043,0.405689,0.974488,Em
0.454067,0.204667,0.288777,0.525602,0.995894,0.513978,0.335080,0.621269,0.345278,0.156299,0.419164,0.919544,Em
0.239837,0.156749,0.455870,0.474019,1.000000,0.376791,0.280028,0.634034,0.345864,0.127697,0.239019,0.567685,Em
0.351742,0.107006,0.236811,0.396946,1.000000,0.342408,0.287544,0.793291,0.276123,0.069992,0.333696,0.826743,Em
0.339292,0.128097,0.212037,0.406910,1.000000,0.400084,0.342338,0.810336,0.337170,0.068761,0.310385,0.814850,Em
1.000000,0.426786,0.186424,0.240811,0.290312,0.509778,0.287466,0.363649,0.495960,0.328780,0.212604,0.411361,Fm
0.950277,0.478453,0.293588,0.331275,0.424574,0.746501,0.417881,0.617918,0.805836,0.457135,0.378983,0.456088,Fm
0.922857,0.521260,0.287348,0.348663,0.416021,0.706362,0.452000,0.690062,0.981960,0.564938,0.369038,0.477593,Fm
0.993407,0.370794,0.132436,0.370602,0.382173,0.876966,0.329969,0.258718,0.736533,0.295681,0.116757,0.353085,Fm
0.919061,0.361170,0.064931,0.130678,0.317583,0.958533,0.269405,0.189535,0.668212,0.157846,0.055262,0.326985,Fm
0.796274,0.316491,0.037484,0.051271,0.328368,1.000000,0.298437,0.179602,0.586713,0.133313,0.037601,0.279305,Fm
1.000000,0.482266,0.237333,0.327479,0.450139,0.409090,0.307903,0.400077,0.543696,0.274166,0.243996,0.434505,Fm
1.000000,0.500659,0.236692,0.280261,0.441537,0.376802,0.280401,0.534837,0.792682,0.324301,0.260991,0.453196,Fm
1.000000,0.557566,0.288199,0.317827,0.475644,0.496756,0.381504,0.559778,0.783332,0.393050,0.296397,0.488517,Fm
0.996598,0.413413,0.147923,0.282748,0.504704,0.571287,0.359822,0.389767,0.399107,0.250685,0.128477,0.357222,Fm
1.000000,0.389140,0.096990,0.216168,0.451485,0.566692,0.254825,0.296302,0.301059,0.155815,0.080396,0.346831,Fm
1.000000,0.383755,0.098413,0.296106,0.655219,0.785321,0.365199,0.430273,0.509383,0.245158,0.076339,0.347088,Fm
0.982732,0.342451,0.063796,0.104152,0.356851,0.915516,0.278357,0.221116,0.442134,0.307764,0.093738,0.321227,Fm
0.998805,0.351948,0.038871,0.039805,0.280430,0.886003,0.250502,0.176875,0.351426,0.201282,0.055841,0.322727,Fm
0.994849,0.378141,0.037770,0.031450,0.312517,0.987028,0.302259,0.233545,0.459026,0.238214,0.057224,0.339988,Fm
0.198507,0.395984,1.000000,0.352845,0.197788,0.301638,0.281368,0.455535,0.298857,0.545514,0.639090,0.329929,Gm
0.196185,0.399919,0.985674,0.369671,0.200034,0.373924,0.508633,0.948423,0.544997,0.696479,0.684938,0.332375,Gm
0.173190,0.441180,1.000000,0.403317,0.167626,0.265328,0.385802,0.711361,0.435497,0.602548,0.468138,0.228806,Gm
0.053428,0.336818,1.000000,0.306056,0.074281,0.119993,0.178337,0.381858,0.211871,0.425526,0.517308,0.157048,Gm
0.036496,0.363774,1.000000,0.323220,0.033172,0.040136,0.138103,0.403898,0.144073,0.266492,0.325767,0.082280,Gm
0.035685,0.382834,1.000000,0.345060,0.027355,0.018868,0.101350,0.302620,0.103208,0.130472,0.132739,0.033854,Gm
0.266014,0.456643,0.953945,0.445243,0.246163,0.318691,0.482306,0.941938,0.669304,0.811596,0.697407,0.382013,Gm
0.199939,0.384399,0.803188,0.374899,0.169541,0.218084,0.458518,1.000000,0.554703,0.681919,0.583439,0.310660,Gm
0.212992,0.443781,0.996346,0.433610,0.145270,0.159353,0.346640,0.747109,0.534294,0.872518,0.752660,0.376147,Gm
0.196250,0.367151,0.969301,0.300663,0.206764,0.460975,0.478818,0.618980,0.493079,0.717087,0.942853,0.421150,Gm
0.142659,0.319929,0.952599,0.271572,0.174613,0.463354,0.542826,0.741639,0.572311,0.781763,0.975214,0.406433,Gm
0.071342,0.361707,1.000000,0.321451,0.129632,0.297461,0.386936,0.528288,0.417626,0.509102,0.511218,0.191710,Gm
0.092711,0.303757,1.000000,0.278377,0.087099,0.116702,0.174124,0.284505,0.172401,0.301181,0.596039,0.291880,Gm
0.067681,0.326132,1.000000,0.298467,0.035289,0.052733,0.100604,0.213616,0.111519,0.333920,0.705629,0.310550,Gm
0.060602,0.349692,1.000000,0.325095,0.025796,0.019585,0.052048,0.123230,0.077085,0.357174,0.791724,0.329181,Gm
0.926252,0.462697,0.239988,0.372840,0.803182,0.368549,0.160376,0.285259,0.406655,0.870815,0.582713,0.741451,Am
0.586081,0.288093,0.170794,0.437567,0.992378,0.424511,0.140117,0.229965,0.387883,0.889341,0.547161,0.692417,Am
0.372372,0.181435,0.149037,0.447760,1.000000,0.430196,0.129281,0.193269,0.321714,0.704840,0.532635,0.842795,Am
0.594471,0.356267,0.201172,0.295226,0.693058,0.230398,0.124244,0.262173,0.477939,0.971817,0.498874,0.463704,Am
0.536860,0.248918,0.095450,0.179706,0.528027,0.146216,0.070390,0.191973,0.432170,1.000000,0.455517,0.403048,Am
0.270884,0.111928,0.043601,0.114377,0.306014,0.096449,0.052754,0.138781,0.438336,1.000000,0.461269,0.244134,Am
0.875233,0.427618,0.286346,0.407115,0.826200,0.388738,0.213275,0.332347,0.499288,0.991515,0.707960,0.802113,Am
0.672159,0.330079,0.202490,0.429436,0.962682,0.426436,0.170327,0.307585,0.458773,0.924758,0.630786,0.808754,Am
0.556815,0.277383,0.188819,0.398054,0.910223,0.400600,0.143764,0.250564,0.419387,0.985199,0.646621,0.943827,Am
0.278197,0.224353,0.092515,0.285573,1.000000,0.254230,0.100105,0.145582,0.329069,0.564982,0.272854,0.180316,Am
0.233419,0.161455,0.060615,0.307956,1.000000,0.252864,0.064251,0.124682,0.351773,0.745921,0.351829,0.175538,Am
0.072714,0.091209,0.045735,0.319804,0.977319,0.284228,0.079284,0.147769,0.422166,0.842178,0.462544,0.166716,Am
0.989941,0.558728,0.161756,0.261500,0.760983,0.202480,0.140773,0.336942,0.506135,0.971121,0.554635,0.531948,Am
0.577409,0.309458,0.076830,0.169367,0.507762,0.123541,0.070551,0.219131,0.466793,1.000000,0.524412,0.347948,Am
0.365791,0.189809,0.049776,0.172598,0.470804,0.140858,0.069008,0.177017,0.480402,1.000000,0.534799,0.280276,Am
0.430416,0.493216,1.000000,0.630555,0.170096,0.160250,0.424002,0.156662,0.152651,0.382271,0.383196,0.697445,Bm
0.381421,0.451949,1.000000,0.572835,0.117061,0.112503,0.314979,0.102097,0.132616,0.394140,0.374169,0.638030,Bm
0.595916,0.460186,0.857225,0.567033,0.141821,0.136289,0.378800,0.122508,0.254539,0.914359,0.645519,0.970757,Bm
0.524850,0.661747,0.915814,0.398047,0.207576,0.276674,0.788999,0.258044,0.124784,0.161261,0.532410,0.937397,Bm
0.396941,0.504497,1.000000,0.345646,0.088710,0.258593,0.914088,0.221516,0.062795,0.114971,0.371382,0.700853,Bm
0.479296,0.456773,0.999184,0.339438,0.051485,0.206697,0.686334,0.169116,0.054493,0.118016,0.441679,0.878969,Bm
0.481731,0.495640,1.000000,0.493697,0.237018,0.331707,0.671013,0.337090,0.155581,0.362883,0.407062,0.698841,Bm
0.579037,0.504747,0.999829,0.453249,0.126188,0.172615,0.390292,0.173105,0.107112,0.327557,0.511807,0.926766,Bm
0.596329,0.547651,0.997607,0.403234,0.084866,0.139708,0.265905,0.135949,0.088643,0.267346,0.550563,0.990805,Bm
0.496949,0.468549,0.978549,0.699472,0.191126,0.249261,0.734512,0.206437,0.119567,0.307805,0.406797,0.951609,Bm
0.331170,0.378724,1.000000,0.612381,0.088935,0.182533,0.653416,0.148688,0.063049,0.216459,0.289361,0.696205,Bm
0.216670,0.395930,1.000000,0.547541,0.062176,0.123518,0.448618,0.098578,0.041063,0.174175,0.196014,0.461990,Bm
0.397147,0.208843,0.308377,0.165580,0.057108,0.161289,0.529498,0.141328,0.054207,0.081546,0.377577,1.000000,Bm
0.407604,0.119894,0.231744,0.079701,0.021956,0.190668,0.686285,0.160592,0.022711,0.048186,0.389359,1.000000,Bm
0.379706,0.027432,0.028868,0.016626,0.016450,0.175570,0.592532,0.146755,0.015556,0.027450,0.369432,1.000000,Bm
0.816830,0.508018,0.390090,0.427873,0.799097,0.444154,0.333368,0.731238,0.336133,0.172261,0.248702,0.521849,C
0.827184,0.449360,0.420284,0.443327,0.997744,0.516255,0.384365,0.886568,0.379546,0.104762,0.183353,0.527173,C
0.533599,0.263383,0.243494,0.408065,1.000000,0.502273,0.255805,0.585453,0.253391,0.044613,0.098266,0.364165,C
0.870577,0.523937,0.419531,0.262548,0.429155,0.265421,0.378113,0.954943,0.439989,0.194095,0.229097,0.448479,C
0.860507,0.467414,0.393718,0.237030,0.508924,0.255806,0.325692,0.971239,0.415770,0.113569,0.141164,0.400499,C
0.650091,0.332409,0.195548,0.134351,0.323252,0.141159,0.332425,1.000000,0.435514,0.062367,0.082097,0.294111,C
0.811722,0.471483,0.209471,0.218582,0.477638,0.258994,0.463615,0.961500,0.498317,0.152218,0.188889,0.416521,C
1.000000,0.447937,0.102865,0.210180,0.623129,0.245102,0.385005,0.832162,0.408762,0.069917,0.107791,0.396708,C
1.000000,0.497902,0.108761,0.197519,0.568193,0.241919,0.391743,0.816168,0.424153,0.067238,0.114467,0.430824,C
0.786120,0.552262,0.512924,0.313187,0.489207,0.294029,0.339534,0.874333,0.391734,0.175691,0.237823,0.467357,C
0.714178,0.479370,0.602396,0.327067,0.639019,0.318306,0.361667,1.000000,0.401519,0.120690,0.165664,0.403035,C
0.852719,0.512785,0.457377,0.256082,0.544543,0.225722,0.374056,0.996371,0.410563,0.072308,0.137586,0.446207,C
0.758595,0.478539,0.179766,0.119583,0.258388,0.154924,0.411261,0.888021,0.450024,0.129028,0.159861,0.389708,C
0.824245,0.448261,0.113097,0.068484,0.261757,0.121083,0.450287,0.989326,0.493479,0.076948,0.115508,0.391130,C
0.949034,0.518747,0.115427,0.035707,0.099980,0.096590,0.469421,0.996984,0.517329,0.080660,0.132149,0.450022,C
0.173984,0.453024,0.744416,0.419485,0.265038,0.167329,0.369357,0.214538,0.419639,0.938771,0.455127,0.151418,D
0.100701,0.535821,1.000000,0.452429,0.182280,0.115793,0.344222,0.117519,0.230786,0.559398,0.231645,0.048609,D
0.072391,0.506030,1.000000,0.423648,0.121370,0.103393,0.367821,0.095994,0.119344,0.369089,0.136049,0.021892,D
0.204281,0.467106,0.903094,0.495833,0.319565,0.226540,0.411849,0.250680,0.366550,0.858527,0.399094,0.159267,D
0.105565,0.443696,0.951630,0.470355,0.371657,0.185450,0.394411,0.179053,0.283748,0.840698,0.310639,0.071705,D
0.057457,0.412419,1.000000,0.419817,0.133014,0.085507,0.213658,0.073095,0.140076,0.424107,0.151531,0.026601,D
0.158441,0.457824,0.928373,0.530450,0.214353,0.210276,0.419954,0.217279,0.423992,0.880464,0.399656,0.124308,D
0.080662,0.400421,1.000000,0.430671,0.107737,0.193454,0.525081,0.183111,0.349203,0.818988,0.348004,0.060709,D
0.080663,0.437725,1.000000,0.479219,0.103124,0.156594,0.421436,0.156967,0.364732,0.822523,0.375246,0.058343,D
0.208280,0.520903,0.853606,0.468545,0.285488,0.377235,0.787124,0.457216,0.364730,0.760430,0.357997,0.161662,D
0.135866,0.437913,0.793677,0.385607,0.234765,0.413014,0.999612,0.542602,0.339110,0.870966,0.349647,0.090498,D
0.056018,0.219575,0.354929,0.178634,0.145810,0.382545,1.000000,0.502309,0.158406,0.412714,0.148495,0.026326,D
0.179151,0.511964,0.842352,0.458884,0.250601,0.341444,0.691033,0.395903,0.301936,0.622729,0.281005,0.126821,D
0.120250,0.475199,0.812607,0.418500,0.232659,0.406543,1.000000,0.531952,0.320839,0.833681,0.335285,0.068907,D
0.064203,0.318652,0.574414,0.274926,0.154642,0.383990,1.000000,0.503551,0.163512,0.414420,0.156666,0.028398,D
0.504307,0.280667,0.325091,0.571394,0.893519,0.641358,0.557932,0.379044,0.555267,0.379401,0.517917,0.884213,E
0.424525,0.176437,0.217655,0.540933,0.998870,0.577366,0.401620,0.321989,0.640819,0.341238,0.411817,0.832991,E
0.367750,0.124347,0.171842,0.502387,1.000000,0.582376,0.352922,0.271253,0.521057,0.279263,0.323326,0.651449,E
0.227006,0.102889,0.213776,0.549763,1.000000,0.516570,0.139099,0.138485,0.307753,0.152721,0.236648,0.501434,E
0.134828,0.034617,0.124038,0.506382,1.000000,0.467557,0.086591,0.074152,0.209490,0.064886,0.126297,0.398707,E
0.086350,0.025425,0.136512,0.510439,1.000000,0.520117,0.086501,0.059826,0.163128,0.045849,0.081021,0.248998,E
0.346190,0.115229,0.166566,0.421244,0.950514,0.500990,0.144206,0.184342,0.414358,0.200614,0.381099,0.827898,E
0.294545,0.037627,0.082350,0.375517,1.000000,0.418093,0.069609,0.175049,0.529962,0.148715,0.310437,0.787748,E
0.288084,0.029916,0.075217,0.398323,1.000000,0.451115,0.063767,0.131194,0.385686,0.108507,0.305264,0.714433,E
0.296898,0.144805,0.245043,0.603011,0.999307,0.605325,0.298905,0.277578,0.544793,0.290580,0.283832,0.582470,E
0.301883,0.131679,0.225756,0.549513,1.000000,0.510455,0.302951,0.350752,0.790214,0.356283,0.291282,0.729974,E
0.215349,0.057642,0.144236,0.471449,1.000000,0.516408,0.191608,0.220002,0.472531,0.208723,0.178867,0.530611,E
0.230866,0.129435,0.217938,0.678999,0.810218,0.469520,0.291528,0.360993,0.870394,0.406054,0.284227,0.485580,E
0.189655,0.058142,0.143901,0.665427,0.695624,0.389354,0.219632,0.342715,1.000000,0.359956,0.200732,0.463330,E
0.167076,0.029531,0.131212,0.658661,1.000000,0.544551,0.200189,0.300662,0.777541,0.307791,0.179496,0.468550,E
0.929129,0.519598,0.273494,0.299538,0.498027,0.924856,0.573489,0.503520,0.372741,0.571868,0.412830,0.493323,F
0.780698,0.383563,0.174371,0.188794,0.439996,0.933731,0.514244,0.334324,0.273653,0.574465,0.317321,0.323525,F
0.746719,0.360088,0.111419,0.142226,0.430076,0.983245,0.511380,0.215679,0.151395,0.343875,0.185608,0.280097,F
0.662823,0.379177,0.159238,0.317416,0.718768,0.956607,0.582898,0.332395,0.427636,0.679916,0.425668,0.351992,F
0.705987,0.281938,0.088638,0.228891,0.634972,1.000000,0.577993,0.346427,0.492648,0.805500,0.496013,0.358208,F
0.551005,0.266108,0.075889,0.200968,0.592319,1.000000,0.564751,0.255219,0.432911,0.737957,0.444920,0.277994,F
0.521290,0.310016,0.165696,0.312224,0.761033,0.875082,0.560008,0.376343,0.442401,0.798693,0.421869,0.294480,F
0.565931,0.265796,0.114566,0.226163,0.729983,0.781598,0.463323,0.358650,0.467514,0.997140,0.470467,0.309913,F
0.588146,0.273788,0.078906,0.210288,0.668770,1.000000,0.563409,0.280783,0.453096,0.854488,0.458390,0.296948,F
0.453948,0.220060,0.101042,0.200711,0.617697,1.000000,0.489539,0.225535,0.294207,0.643402,0.303742,0.215352,F
0.316085,0.135941,0.038408,0.152811,0.652132,1.000000,0.467070,0.142847,0.210102,0.619085,0.223606,0.118639,F
0.225603,0.082591,0.022132,0.167228,0.627275,1.000000,0.550484,0.118555,0.186123,0.531664,0.190551,0.071799,F
0.327887,0.132725,0.069685,0.175903,0.554077,1.000000,0.468325,0.128814,0.137492,0.347537,0.130978,0.157033,F
0.377290,0.089319,0.024258,0.136060,0.547616,1.000000,0.471764,0.081306,0.072023,0.229884,0.064783,0.085541,F
0.140391,0.032257,0.013599,0.109556,0.481690,1.000000,0.457918,0.053406,0.038172,0.118130,0.030699,0.031752,F
0.436052,0.408721,0.708814,0.379883,0.196819,0.321132,0.667645,0.965791,0.591678,0.433212,0.465546,0.720360,G
0.383573,0.314610,0.720274,0.304347,0.140505,0.232764,0.569291,0.994927,0.490668,0.319091,0.390865,0.678710,G
0.396100,0.343027,0.892609,0.369996,0.109803,0.221866,0.674057,0.917746,0.511699,0.400436,0.440487,0.662549,G
0.264310,0.374886,0.709647,0.377177,0.206897,0.236748,0.469995,0.943834,0.582921,0.359430,0.253047,0.380844,G
0.246916,0.324352,0.785922,0.335969,0.162900,0.203088,0.391710,0.920230,0.423913,0.246926,0.212622,0.460979,G
0.082227,0.201436,0.495774,0.208469,0.071313,0.114670,0.431528,1.000000,0.537394,0.156194,0.077540,0.166100,G
0.472910,0.429595,0.788676,0.439791,0.196377,0.292012,0.673506,0.792436,0.605404,0.497011,0.498498,0.782502,G
0.529713,0.377897,0.768842,0.375986,0.133561,0.194437,0.553914,0.639244,0.480565,0.450522,0.542610,0.935638,G
0.589922,0.389940,0.844302,0.399877,0.130853,0.250265,0.713099,0.781773,0.581279,0.554818,0.645822,0.994999,G
0.340176,0.349960,0.670894,0.437168,0.199455,0.225242,0.485057,0.750231,0.627919,0.524340,0.383084,0.683877,G
0.323393,0.372987,0.865038,0.556929,0.192117,0.214501,0.553368,0.808894,0.638207,0.476589,0.366126,0.865185,G
0.184414,0.361031,0.961776,0.479054,0.155275,0.220557,0.591842,0.880889,0.704098,0.545609,0.269850,0.470110,G
0.119349,0.258628,0.640230,0.255252,0.067704,0.111310,0.445940,0.996354,0.477363,0.119874,0.104530,0.275459,G
0.083577,0.218463,0.700650,0.229422,0.027506,0.072464,0.442231,1.000000,0.443421,0.082800,0.076936,0.259548,G
0.050371,0.227864,0.682554,0.249130,0.024300,0.072822,0.456178,1.000000,0.469842,0.055292,0.041191,0.137876,G
0.199092,0.309779,0.220961,0.369006,0.791063,0.409451,0.175860,0.193356,0.480384,0.946844,0.550297,0.322444,A
0.278324,0.600796,0.320983,0.369969,0.925991,0.462567,0.152831,0.161851,0.500280,0.994064,0.547855,0.334441,A
0.216338,0.424615,0.234320,0.390718,0.996888,0.499309,0.122067,0.126421,0.400070,0.783554,0.433642,0.289474,A
0.194445,0.362582,0.299882,0.498457,0.932987,0.457280,0.175315,0.225266,0.420384,0.758497,0.445766,0.224431,A
0.122280,0.302112,0.215390,0.449572,0.983366,0.457470,0.113159,0.139534,0.420855,0.948030,0.458996,0.163361,A
0.073031,0.165264,0.185194,0.513602,1.000000,0.532731,0.115368,0.119830,0.396172,0.789831,0.435404,0.161499,A
0.270875,0.656238,0.307501,0.222266,0.563444,0.193321,0.097611,0.173590,0.435307,0.953725,0.432719,0.172198,A
0.153954,0.463556,0.174361,0.265122,0.950134,0.248829,0.057517,0.105861,0.367863,0.967537,0.335388,0.092569,A
0.092467,0.314636,0.104845,0.237298,0.811494,0.225394,0.025736,0.053457,0.382488,1.000000,0.349045,0.066612,A
0.410751,0.671318,0.382376,0.342204,0.564166,0.323203,0.153155,0.237877,0.621159,0.941013,0.612333,0.366141,A
0.425967,0.757408,0.402250,0.428753,0.946089,0.526859,0.147015,0.164399,0.465306,0.917192,0.523623,0.329945,A
0.342068,0.604078,0.327428,0.431785,1.000000,0.561421,0.137637,0.140789,0.389177,0.766907,0.473468,0.310560,A
0.143388,0.346196,0.140303,0.263362,0.665171,0.288853,0.115289,0.198947,0.511351,0.962391,0.589674,0.214338,A
0.128969,0.455514,0.117916,0.325190,0.955275,0.350102,0.079059,0.138338,0.456932,0.881749,0.527401,0.173956,A
0.086825,0.210072,0.066616,0.329477,0.979946,0.335608,0.088880,0.159036,0.469504,0.850491,0.562294,0.205212,A
0.496576,0.371082,0.259171,0.387520,0.254529,0.380177,0.887938,0.464303,0.211420,0.213161,0.467241,0.845091,B
0.516558,0.341145,0.267326,0.585129,0.282168,0.330561,0.911025,0.439762,0.146186,0.149180,0.498082,0.918234,B
0.394630,0.249824,0.183765,0.384932,0.191696,0.342142,1.000000,0.462091,0.089832,0.103113,0.382388,0.652628,B
0.526852,0.223865,0.261125,0.519273,0.333275,0.516097,0.963948,0.468227,0.171972,0.231339,0.518427,0.866579,B
0.309085,0.120261,0.263821,0.681751,0.310938,0.473731,1.000000,0.444823,0.087845,0.105154,0.303865,0.590385,B
0.364911,0.118125,0.281383,0.716490,0.334462,0.479762,1.000000,0.478651,0.079040,0.102854,0.334169,0.595105,B
0.441355,0.394013,0.286468,0.494494,0.290263,0.388899,0.944829,0.458171,0.204313,0.199566,0.437622,0.657684,B
0.364351,0.298071,0.234850,0.522278,0.254768,0.350459,1.000000,0.459697,0.131422,0.129115,0.357223,0.526979,B
0.316220,0.207694,0.149809,0.310079,0.159514,0.337762,1.000000,0.440916,0.078412,0.087268,0.310363,0.476564,B
0.398417,0.324278,0.300931,0.727325,0.340418,0.198214,0.551628,0.176070,0.114449,0.120409,0.402043,0.839000,B
0.298756,0.337869,0.373986,1.000000,0.394977,0.167836,0.624749,0.161741,0.084185,0.065540,0.304405,0.726850,B
0.221136,0.358266,0.401357,1.000000,0.376511,0.211586,0.875546,0.209883,0.033674,0.029962,0.217434,0.562195,B
0.334967,0.094383,0.144164,0.463734,0.178815,0.341715,0.823389,0.261487,0.074486,0.105883,0.327092,0.852800,B
0.268846,0.023992,0.102299,0.541235,0.116337,0.345744,0.996496,0.264597,0.016529,0.020373,0.278279,0.841354,B
0.225505,0.015632,0.055890,0.269277,0.065917,0.345858,1.000000,0.257753,0.015319,0.014688,0.219098,0.659018,B
0.893281,0.541379,0.491563,0.482500,0.249200,0.193404,0.362817,0.951892,0.451708,0.205352,0.253974,0.435352,Cm
0.873018,0.479618,0.529771,0.566500,0.222751,0.139771,0.319679,0.972852,0.417764,0.116793,0.161642,0.391234,Cm
0.653755,0.337324,0.303750,0.372676,0.125792,0.056214,0.329840,1.000000,0.437330,0.065424,0.098138,0.288212,Cm
0.818037,0.548376,0.444949,0.512478,0.219924,0.128211,0.311729,0.869793,0.391458,0.163052,0.257862,0.451110,Cm
0.823134,0.509419,0.541494,0.807625,0.264920,0.081306,0.363819,1.000000,0.428760,0.107840,0.205196,0.431116,Cm
0.904203,0.524689,0.501696,0.704658,0.228086,0.072718,0.392974,1.000000,0.438914,0.079546,0.174386,0.452366,Cm
0.821729,0.494162,0.330717,0.490741,0.249319,0.155244,0.463997,0.987830,0.501440,0.164399,0.190644,0.413262,Cm
1.000000,0.453984,0.287276,0.592531,0.265912,0.089794,0.381962,0.842745,0.415377,0.075674,0.116993,0.397478,Cm
1.000000,0.503769,0.301279,0.596083,0.219857,0.075619,0.383159,0.814261,0.423609,0.067634,0.116420,0.430523,Cm
0.779505,0.399041,0.488200,0.693680,0.305911,0.171266,0.172386,0.552052,0.190437,0.118792,0.164233,0.299501,Cm
0.646787,0.325282,0.779390,0.965340,0.349417,0.149898,0.236366,0.932415,0.235773,0.060856,0.097649,0.223388,Cm
0.480134,0.210543,0.627069,0.980417,0.321792,0.047106,0.246865,0.942683,0.229570,0.028951,0.071519,0.145966,Cm
0.892182,0.586677,0.547734,0.697234,0.392048,0.153766,0.247967,0.650182,0.331322,0.229059,0.446965,0.541078,Cm
0.765713,0.485730,0.570601,0.736315,0.365515,0.113348,0.354560,1.000000,0.412070,0.133744,0.341877,0.451746,Cm
0.786888,0.467058,0.542027,0.837162,0.354762,0.084332,0.384743,1.000000,0.429278,0.107413,0.306526,0.444550,Cm
0.266987,0.357192,0.739245,0.434240,0.283056,0.409279,0.159875,0.154604,0.384450,0.934452,0.431449,0.168381,Dm
0.241432,0.417021,1.000000,0.477709,0.217122,0.380846,0.108022,0.072337,0.209514,0.566254,0.220477,0.072850,Dm
0.214016,0.399423,1.000000,0.439645,0.177717,0.389091,0.093553,0.023124,0.115358,0.382136,0.132303,0.045019,Dm
0.207779,0.461685,0.907879,0.506957,0.389184,0.397093,0.187611,0.174064,0.345449,0.852654,0.372747,0.151874,Dm
0.133635,0.454875,0.965577,0.479997,0.487000,0.549788,0.182727,0.100504,0.268361,0.817068,0.297447,0.077634,Dm
0.070354,0.414494,1.000000,0.421432,0.201714,0.276404,0.080792,0.023266,0.139087,0.425607,0.152004,0.028936,Dm
0.296898,0.466065,0.839797,0.501928,0.471535,0.778643,0.443444,0.175130,0.317626,0.741943,0.364720,0.190955,Dm
0.215220,0.401762,0.785117,0.431684,0.503538,0.998417,0.543543,0.132283,0.303941,0.872878,0.347485,0.103945,Dm
0.119079,0.194361,0.346854,0.230506,0.443070,1.000000,0.524361,0.073394,0.123919,0.410118,0.145000,0.037319,Dm
0.165144,0.336314,0.703090,0.423344,0.294382,0.458183,0.172317,0.111914,0.346774,0.902683,0.392725,0.115831,Dm
0.150604,0.375581,0.848779,0.468511,0.433138,0.915703,0.257104,0.063051,0.304591,0.893796,0.353113,0.074423,Dm
0.098218,0.381398,1.000000,0.475672,0.327348,0.653435,0.186681,0.030976,0.184505,0.613542,0.217740,0.035594,Dm
0.145987,0.453959,0.863452,0.540843,0.310558,0.427369,0.159123,0.124139,0.423181,0.879839,0.408207,0.146674,Dm
0.087554,0.429088,0.916625,0.475795,0.323508,0.666477,0.188698,0.069583,0.416742,0.999190,0.423108,0.067319,Dm
0.087213,0.459795,0.996044,0.512920,0.272770,0.509128,0.143610,0.064906,0.397944,0.903034,0.412232,0.064190,Dm
0.503259,0.315217,0.406816,0.500476,0.881160,0.668958,0.638067,0.638524,0.351917,0.251297,0.498977,0.878652,Em
0.439592,0.212731,0.334574,0.463551,0.992740,0.612532,0.541460,0.709114,0.325491,0.155598,0.420095,0.865565,Em
0.375819,0.143120,0.251066,0.448464,1.000000,0.607872,0.474927,0.591914,0.268557,0.102915,0.319354,0.667437,Em
0.223426,0.103650,0.204598,0.544605,1.000000,0.516004,0.199861,0.293196,0.141191,0.107903,0.232981,0.526118,Em
0.127721,0.035127,0.124055,0.504736,1.000000,0.469457,0.139295,0.217145,0.065918,0.022586,0.123403,0.395061,Em
0.085919,0.025594,0.137388,0.511478,1.000000,0.522173,0.132857,0.187890,0.051322,0.009365,0.079425,0.246967,Em
0.404857,0.300238,0.471745,0.532399,0.935219,0.705426,0.583129,0.720500,0.364006,0.242729,0.423428,0.657842,Em
0.340627,0.199724,0.503408,0.493992,0.947603,0.618845,0.455921,0.872408,0.341426,0.149878,0.329843,0.543448,Em
0.444812,0.164952,0.378232,0.505870,0.976650,0.661569,0.479191,0.660405,0.295909,0.124323,0.390089,0.713763,Em
0.442800,0.260124,0.373440,0.533390,0.904721,0.706256,0.533611,0.529585,0.309344,0.228360,0.437822,0.729858,Em
0.455923,0.216371,0.376817,0.521781,0.992709,0.702718,0.583740,0.955927,0.419025,0.170862,0.437114,0.717651,Em
0.459839,0.166907,0.297477,0.508644,1.000000,0.689568,0.518230,0.767620,0.348230,0.130671,0.403139,0.726309,Em
0.204131,0.129965,0.170838,0.339545,0.674795,0.430438,0.521833,0.956900,0.517545,0.154405,0.208731,0.398841,Em
0.125368,0.037324,0.077939,0.315180,0.791873,0.397743,0.491963,1.000000,0.484126,0.061589,0.114066,0.288925,Em
0.168910,0.039186,0.075368,0.310967,0.794997,0.401971,0.513703,1.000000,0.509102,0.061584,0.122602,0.315602,Em
0.915294,0.519380,0.309511,0.396573,0.470152,0.909005,0.564356,0.577958,0.617359,0.343494,0.279319,0.473778,Fm
0.759773,0.369128,0.183422,0.301457,0.423235,0.936434,0.534054,0.496158,0.717271,0.322133,0.152191,0.306749,Fm
0.743904,0.358536,0.122812,0.224019,0.417953,0.983124,0.529244,0.371940,0.568795,0.250967,0.096184,0.273343,Fm
0.731240,0.308453,0.107963,0.181729,0.523489,0.945513,0.474781,0.203107,0.325504,0.149267,0.104729,0.307411,Fm
0.754641,0.265748,0.041078,0.129711,0.525958,1.000000,0.452581,0.139424,0.252344,0.076878,0.040238,0.241283,Fm
0.661815,0.261688,0.031948,0.113000,0.481776,1.000000,0.456338,0.092336,0.155015,0.043165,0.025483,0.229096,Fm
0.885667,0.516326,0.268671,0.418240,0.476668,0.822651,0.585380,0.489679,0.489236,0.228998,0.243402,0.454930,Fm
1.000000,0.482292,0.184504,0.435122,0.387736,0.736510,0.459779,0.369768,0.617647,0.186821,0.155539,0.431259,Fm
0.852890,0.440055,0.139269,0.272289,0.459461,0.986055,0.566361,0.278556,0.399816,0.120171,0.103962,0.353539,Fm
0.422144,0.209312,0.112392,0.258736,0.572185,1.000000,0.547403,0.359693,0.700047,0.397024,0.144873,0.189662,Fm
0.517079,0.191791,0.054384,0.220810,0.554980,1.000000,0.571575,0.382995,0.828706,0.411050,0.076269,0.161827,Fm
0.236207,0.081392,0.032352,0.192372,0.549712,1.000000,0.578407,0.382729,0.924580,0.430548,0.049312,0.066062,Fm
0.576087,0.251653,0.115076,0.148897,0.399990,0.892690,0.456015,0.381467,0.745519,0.416507,0.135418,0.260626,Fm
0.753449,0.280748,0.035512,0.074538,0.380316,1.000000,0.418036,0.377103,0.776776,0.415888,0.071038,0.259970,Fm
0.907179,0.371684,0.036618,0.071928,0.384591,0.929725,0.438602,0.480886,0.979646,0.526060,0.081913,0.327576,Fm
0.180435,0.365191,0.708856,0.385376,0.226888,0.272273,0.447453,0.940684,0.584738,0.462682,0.474075,0.239249,Gm
0.123187,0.321665,0.797670,0.336159,0.168865,0.250366,0.355572,0.906865,0.427573,0.362609,0.509506,0.219954,Gm
0.042064,0.201464,0.497435,0.208878,0.075623,0.142726,0.418012,1.000000,0.542344,0.199702,0.210393,0.075751,Gm
0.068039,0.255358,0.656912,0.253138,0.066822,0.115185,0.443535,0.996853,0.480867,0.173658,0.296297,0.103117,Gm
0.030894,0.218959,0.701439,0.229345,0.028215,0.075920,0.442188,1.000000,0.443411,0.148808,0.289686,0.076501,Gm
0.020266,0.226373,0.680050,0.248027,0.023659,0.072747,0.455596,1.000000,0.470180,0.095376,0.168270,0.042758,Gm
0.206796,0.330960,0.690247,0.365596,0.277158,0.459476,0.508877,0.973067,0.647690,0.578572,0.664596,0.356568,Gm
0.118517,0.216911,0.584186,0.250167,0.141058,0.258596,0.419214,1.000000,0.507019,0.364194,0.409293,0.224618,Gm
0.139112,0.240285,0.701871,0.290450,0.134459,0.301018,0.487907,0.994870,0.559499,0.505122,0.629676,0.334744,Gm
0.126530,0.218943,0.552732,0.263465,0.170083,0.271577,0.452871,0.789508,0.610664,0.521709,0.815748,0.358582,Gm
0.077566,0.324350,0.937645,0.346025,0.141852,0.298400,0.535612,0.935396,0.706580,0.549781,0.837769,0.302872,Gm
0.041232,0.304065,0.867884,0.342321,0.143460,0.320751,0.591281,0.978795,0.748999,0.501822,0.590497,0.181316,Gm
0.098972,0.264941,0.685121,0.256981,0.081742,0.120700,0.421373,0.861085,0.493662,0.274894,0.438137,0.205403,Gm
0.048741,0.323064,1.000000,0.321049,0.045022,0.103119,0.425204,0.844562,0.477458,0.214775,0.342157,0.144040,Gm
0.036081,0.337097,0.974573,0.339411,0.031745,0.103504,0.493741,0.996063,0.559368,0.154843,0.245787,0.105887,Gm
0.348747,0.192557,0.177604,0.367868,0.797075,0.419496,0.189986,0.249273,0.475567,0.950884,0.539820,0.354028,Am
0.586376,0.253273,0.183003,0.370299,0.929946,0.469152,0.177248,0.269739,0.492275,0.994792,0.553639,0.451852,Am
0.439752,0.160435,0.110973,0.385663,0.996796,0.499876,0.132594,0.192987,0.395364,0.783914,0.438082,0.380758,Am
0.365821,0.215448,0.231475,0.497376,0.944847,0.462913,0.176349,0.248690,0.402597,0.745762,0.436280,0.285981,Am
0.329648,0.159272,0.151129,0.450775,0.980979,0.461126,0.120410,0.175410,0.399772,0.942546,0.464254,0.226019,Am
0.197287,0.084929,0.149450,0.512303,1.000000,0.532519,0.119117,0.147382,0.374260,0.780359,0.434161,0.191980,Am
0.665673,0.381062,0.205344,0.321487,0.548864,0.308954,0.215073,0.389332,0.525518,0.922913,0.650856,0.529456,Am
0.744961,0.402246,0.167897,0.394308,0.939674,0.514788,0.164674,0.229535,0.420563,0.914564,0.553569,0.533158,Am
0.626637,0.327306,0.149020,0.412859,1.000000,0.558178,0.142568,0.162299,0.373353,0.757607,0.488415,0.489425,Am
0.373834,0.135248,0.087499,0.266893,0.652744,0.241336,0.116304,0.211089,0.494896,1.000000,0.544908,0.233109,Am
0.526816,0.129009,0.050280,0.334017,0.994248,0.319265,0.087580,0.175774,0.466611,0.927702,0.523011,0.252979,Am
0.263031,0.071215,0.032601,0.333775,1.000000,0.334546,0.082228,0.144386,0.368505,0.654371,0.395281,0.190532,Am
0.632385,0.265911,0.116256,0.182657,0.428665,0.162986,0.110366,0.247966,0.489304,0.989215,0.552649,0.344847,Am
0.908233,0.266819,0.063915,0.233246,0.701126,0.219729,0.104201,0.260129,0.506190,0.981832,0.561304,0.396200,Am
0.502849,0.149835,0.033883,0.250155,0.762481,0.258133,0.112886,0.278554,0.575652,0.997997,0.609565,0.330052,Am
0.530103,0.556425,0.883533,0.465672,0.188970,0.214460,0.538388,0.232723,0.223517,0.438096,0.544915,0.876593,Bm
0.574646,0.519767,0.704175,0.335462,0.140037,0.166062,0.547800,0.180165,0.153189,0.355325,0.565834,0.988493,Bm
0.612962,0.523093,0.733769,0.331387,0.084801,0.166451,0.640131,0.182510,0.124365,0.391577,0.624693,0.998893,Bm
0.537588,0.329666,0.498286,0.278399,0.213867,0.517345,0.995182,0.458219,0.157646,0.217715,0.510256,0.868771,Bm
0.322405,0.325008,0.684729,0.319039,0.127245,0.465345,1.000000,0.440902,0.082415,0.106543,0.304950,0.599447,Bm
0.379397,0.372336,0.772395,0.297365,0.112828,0.473429,1.000000,0.478879,0.079730,0.105887,0.332396,0.589469,Bm
0.533964,0.431152,0.548796,0.262102,0.172731,0.405410,0.901509,0.516052,0.227374,0.266622,0.502699,0.840245,Bm
0.498809,0.454629,0.816965,0.291193,0.107845,0.395429,1.000000,0.551453,0.151627,0.205542,0.467203,0.748313,Bm
0.420497,0.315747,0.514063,0.184293,0.078217,0.372575,1.000000,0.518311,0.101650,0.139380,0.401389,0.646277,Bm
0.404604,0.470872,0.758682,0.327599,0.161106,0.179690,0.571944,0.197169,0.133860,0.179563,0.366374,0.837917,Bm
0.299286,0.601214,1.000000,0.360202,0.109249,0.145068,0.581690,0.153644,0.085428,0.097237,0.247236,0.693471,Bm
0.215689,0.633273,1.000000,0.351214,0.071874,0.181789,0.779481,0.187495,0.038831,0.070823,0.156838,0.493866,Bm
0.349993,0.159103,0.403601,0.145636,0.104030,0.347750,0.868215,0.265038,0.090914,0.164078,0.334890,0.881278,Bm
0.280076,0.134597,0.577622,0.132609,0.043695,0.346520,0.995206,0.257175,0.034656,0.090829,0.276420,0.835549,Bm
0.226815,0.072908,0.308798,0.071283,0.024503,0.345987,1.000000,0.256128,0.018303,0.033995,0.220254,0.658926,Bm
0.900974,0.677638,0.666775,0.686352,0.976151,0.737526,0.682732,0.812512,0.614810,0.594561,0.664418,0.873624,C
0.829318,0.661483,0.691580,0.666616,0.997311,0.701487,0.592589,0.784673,0.555910,0.451381,0.553866,0.830749,C
0.878487,0.527642,0.486813,0.550481,0.994775,0.600231,0.425744,0.568778,0.427258,0.353826,0.443123,0.727459,C
0.981688,0.729479,0.849853,0.686089,0.736070,0.679948,0.619731,0.887202,0.556541,0.549636,0.642729,0.766620,C
0.761902,0.577900,0.733290,0.542495,0.594996,0.483024,0.545153,0.974542,0.560369,0.408551,0.446661,0.576768,C
0.754112,0.454271,0.498210,0.356469,0.478234,0.352833,0.440868,0.991365,0.457390,0.255159,0.302503,0.455531,C
0.971980,0.630254,0.528868,0.618003,0.852578,0.601493,0.593296,0.867740,0.590790,0.492608,0.559460,0.702939,C
0.993581,0.632017,0.429739,0.507642,0.781016,0.525537,0.492254,0.755773,0.460862,0.355435,0.431059,0.603302,C
0.996762,0.513828,0.232394,0.316727,0.632989,0.335215,0.373967,0.684622,0.366881,0.200632,0.256412,0.487062,C
0.822340,0.670994,0.811942,0.597174,0.756587,0.727924,0.606161,0.987934,0.565512,0.550375,0.591708,0.724784,C
0.954477,0.696000,0.890483,0.630333,0.694397,0.564991,0.620051,0.911569,0.541917,0.495203,0.542646,0.724927,C
0.955712,0.605158,0.721370,0.454252,0.593875,0.415793,0.464540,0.919076,0.451229,0.295539,0.366066,0.557600,C
0.874978,0.639800,0.496603,0.596036,0.969553,0.599336,0.592852,0.782347,0.591756,0.470784,0.536879,0.668697,C
0.997423,0.594099,0.332432,0.362412,0.573524,0.387322,0.438200,0.629249,0.423123,0.302220,0.348825,0.551379,C
1.000000,0.484051,0.154044,0.184775,0.343564,0.189293,0.287503,0.541496,0.292746,0.140193,0.184367,0.455495,C
0.523309,0.689731,0.844959,0.693397,0.713783,0.626689,0.785736,0.532244,0.624566,0.963768,0.669799,0.517939,D
0.447892,0.662239,0.937497,0.658220,0.621815,0.502203,0.599660,0.378260,0.469509,0.774536,0.509789,0.405942,D
0.308101,0.583597,1.000000,0.547518,0.403126,0.328536,0.473495,0.266897,0.326967,0.627123,0.366477,0.260090,D
0.539654,0.640719,0.927541,0.696583,0.793768,0.573143,0.563434,0.460842,0.539691,0.894550,0.621659,0.532923,D
0.410331,0.573733,0.997579,0.657797,0.709816,0.504705,0.483742,0.387279,0.448538,0.762063,0.514082,0.452019,D
0.223331,0.497212,1.000000,0.519115,0.494773,0.307954,0.359561,0.220712,0.271563,0.511520,0.289586,0.195909,D
0.544428,0.612015,0.958730,0.717774,0.635399,0.608364,0.763452,0.497301,0.590768,0.901362,0.616449,0.554516,D
0.400429,0.543879,0.962327,0.583540,0.448656,0.508774,0.709858,0.413126,0.508611,0.869992,0.517740,0.374671,D
0.199462,0.466005,0.998910,0.492146,0.228303,0.279506,0.513162,0.264036,0.421823,0.822851,0.415861,0.179071,D
0.657572,0.775629,0.953502,0.753686,0.746254,0.683302,0.798408,0.620807,0.649613,0.945634,0.680425,0.622878,D
0.513230,0.751934,0.987691,0.636490,0.591855,0.626880,0.869146,0.565682,0.503791,0.737650,0.547842,0.479130,D
0.311570,0.537439,0.722624,0.443155,0.425944,0.510083,1.000000,0.523093,0.322611,0.496229,0.342954,0.257938,D
0.654058,0.794785,0.926638,0.726235,0.799814,0.693577,0.825129,0.677379,0.660600,0.937102,0.718170,0.641835,D
0.525039,0.796283,0.968647,0.637839,0.633272,0.626815,0.936893,0.597834,0.503755,0.668566,0.567042,0.502984,D
0.314600,0.535275,0.764143,0.431153,0.390411,0.496379,1.000000,0.495940,0.305146,0.502772,0.338183,0.262054,D
0.667340,0.572276,0.612575,0.742566,0.949633,0.752173,0.678864,0.548268,0.668251,0.568953,0.708631,0.967421,E
0.600744,0.505334,0.546446,0.714287,0.968209,0.642700,0.557954,0.472909,0.634070,0.498832,0.593715,0.843256,E
0.556733,0.379999,0.429521,0.605676,0.918808,0.574400,0.455558,0.398895,0.543615,0.371388,0.490856,0.845686,E
0.601577,0.484257,0.505457,0.691402,0.867614,0.691142,0.779506,0.494014,0.616779,0.461942,0.573196,0.974288,E
0.435240,0.364018,0.369039,0.617559,1.000000,0.623726,0.527255,0.356142,0.423725,0.319293,0.434917,0.725664,E
0.309445,0.192842,0.247262,0.525533,1.000000,0.553065,0.429348,0.243818,0.314244,0.197811,0.326400,0.714150,E
0.511387,0.397401,0.426868,0.557485,0.939280,0.570610,0.430821,0.409904,0.635220,0.433898,0.549446,0.862732,E
0.475079,0.316659,0.329888,0.533850,0.960339,0.557941,0.353402,0.363068,0.563463,0.354789,0.484235,0.812723,E
0.405918,0.137178,0.162635,0.417156,0.976579,0.425900,0.174918,0.217610,0.444177,0.187929,0.441867,0.843573,E
0.659300,0.550157,0.590738,0.714993,0.978235,0.676928,0.593792,0.530074,0.756658,0.558223,0.640501,0.876816,E
0.644413,0.534696,0.578937,0.741767,0.957646,0.697106,0.578601,0.467373,0.626929,0.485973,0.610374,0.893003,E
0.572192,0.363815,0.418912,0.581823,0.887194,0.548746,0.429404,0.415577,0.595448,0.394200,0.524580,0.905127,E
0.687125,0.547310,0.572825,0.917437,0.852181,0.732226,0.695511,0.579470,0.903922,0.602504,0.690055,0.808853,E
0.617795,0.510071,0.552397,0.975618,0.925387,0.688242,0.591227,0.565864,0.845610,0.545918,0.615947,0.801734,E
0.421153,0.326256,0.369147,0.762323,1.000000,0.591404,0.406683,0.411719,0.666935,0.391122,0.412085,0.646509,E
0.938283,0.629530,0.557096,0.657685,0.728860,0.934325,0.636187,0.714853,0.576498,0.717275,0.625877,0.667837,F
0.852610,0.551609,0.424918,0.515639,0.619331,0.983651,0.607228,0.503228,0.439154,0.614262,0.532250,0.588018,F
0.775254,0.461361,0.285675,0.369413,0.490294,0.902560,0.492920,0.352785,0.299151,0.392228,0.336688,0.445203,F
0.945920,0.734927,0.564620,0.665647,0.725475,0.808078,0.608026,0.623452,0.621604,0.830830,0.669722,0.672562,F
0.813724,0.622227,0.449018,0.537189,0.679465,0.997411,0.642766,0.478635,0.531619,0.691109,0.555956,0.583382,F
0.695108,0.520548,0.324112,0.399928,0.589736,1.000000,0.547036,0.355919,0.351369,0.437582,0.377867,0.417795,F
0.796038,0.695733,0.525002,0.650796,0.941110,0.930196,0.691761,0.612585,0.597507,0.928372,0.659345,0.659159,F
0.740268,0.637045,0.493091,0.575413,0.827650,0.779904,0.549321,0.530438,0.601331,0.996691,0.619723,0.570917,F
0.880258,0.634365,0.383817,0.510417,0.708128,0.826061,0.505289,0.406235,0.450076,0.607285,0.443948,0.514194,F
0.847922,0.676700,0.579891,0.722747,0.983198,0.857731,0.629084,0.603233,0.602227,0.910335,0.685210,0.693610,F
0.621705,0.521363,0.458650,0.600009,0.966349,0.960475,0.578992,0.513989,0.538292,0.800171,0.572686,0.560623,F
0.570454,0.393442,0.317848,0.431839,0.931239,1.000000,0.509155,0.412153,0.404004,0.691255,0.397181,0.370928,F
0.689542,0.420829,0.343739,0.422731,0.649894,1.000000,0.508254,0.478170,0.347241,0.474769,0.410736,0.457948,F
0.634760,0.355788,0.289009,0.360945,0.619071,1.000000,0.503825,0.436450,0.263468,0.357206,0.265604,0.351681,F
0.548546,0.186921,0.128085,0.234094,0.493938,1.000000,0.466922,0.368505,0.194586,0.316085,0.164889,0.207736,F
0.625682,0.649352,0.938610,0.738639,0.658233,0.741788,0.738792,0.963227,0.667330,0.627094,0.648934,0.833937,G
0.551352,0.599222,0.995397,0.709356,0.540892,0.547151,0.637992,0.764850,0.542680,0.551574,0.575060,0.727265,G
0.437050,0.485756,0.984702,0.660562,0.454136,0.473085,0.624066,0.803775,0.507529,0.519299,0.498522,0.572184,G
0.557762,0.612603,0.969544,0.710541,0.662193,0.674734,0.661699,0.893229,0.632452,0.618973,0.571769,0.719934,G
0.470630,0.541917,0.942211,0.605718,0.483670,0.542147,0.607815,0.885448,0.569979,0.492883,0.486503,0.617230,G
0.315967,0.434147,0.859416,0.480879,0.340976,0.362112,0.519111,0.940314,0.477853,0.315811,0.323609,0.431221,G
0.677459,0.612631,0.838683,0.743941,0.639167,0.701454,0.711847,0.635105,0.637320,0.688563,0.677591,0.946377,G
0.693056,0.649220,0.998884,0.818148,0.584812,0.637846,0.810625,0.693568,0.629288,0.713399,0.727351,0.914170,G
0.480428,0.503156,0.954709,0.672095,0.417906,0.466050,0.712972,0.584293,0.469427,0.547980,0.547251,0.757676,G
0.676762,0.664592,0.870967,0.809176,0.685445,0.744267,0.816476,0.694568,0.620476,0.675846,0.663370,0.989302,G
0.588529,0.546655,0.799453,0.636044,0.585448,0.613146,0.763930,0.668726,0.562135,0.551014,0.608442,0.981193,G
0.363761,0.475441,0.997254,0.546647,0.348453,0.413751,0.570011,0.589404,0.508186,0.555766,0.410223,0.605564,G
0.473862,0.551309,0.963690,0.642952,0.506682,0.559277,0.699430,0.905004,0.609636,0.660077,0.505290,0.653805,G
0.309345,0.444429,0.866223,0.462941,0.383129,0.397978,0.567055,0.914004,0.525505,0.426454,0.342779,0.409688,G
0.143837,0.402704,1.000000,0.441126,0.154697,0.157200,0.400413,0.814433,0.405179,0.181560,0.145264,0.224226,G
0.538512,0.652746,0.512815,0.614973,1.000000,0.643706,0.505129,0.462165,0.571965,0.711201,0.565925,0.673619,A
0.489828,0.619438,0.468500,0.560623,0.992406,0.578421,0.408686,0.406035,0.569036,0.826253,0.573056,0.617238,A
0.317736,0.405590,0.284893,0.460437,0.997772,0.512663,0.262499,0.263111,0.433314,0.770495,0.449251,0.434041,A
0.558489,0.705311,0.505564,0.597206,0.997988,0.656109,0.516695,0.577265,0.645112,0.853842,0.648133,0.662734,A
0.470988,0.579501,0.433961,0.582777,0.987972,0.625320,0.451679,0.458478,0.587014,0.808469,0.575682,0.518300,A
0.272466,0.356830,0.289018,0.487227,0.979039,0.516658,0.261627,0.288833,0.518684,0.831655,0.506879,0.370209,A
0.541838,0.713370,0.528040,0.599803,0.960181,0.604965,0.493413,0.522865,0.643342,0.942856,0.616512,0.609967,A
0.473705,0.630477,0.484149,0.560768,0.932400,0.633361,0.475282,0.505588,0.634467,0.906426,0.561947,0.514981,A
0.317080,0.547809,0.301702,0.415942,0.983497,0.477761,0.306335,0.326575,0.542293,0.846783,0.407816,0.295983,A
0.628273,0.763936,0.571106,0.612237,0.895322,0.732568,0.580250,0.606334,0.727031,0.898570,0.713641,0.735516,A
0.560624,0.765043,0.517896,0.554533,0.922956,0.671213,0.446955,0.465235,0.651888,0.860503,0.611085,0.623976,A
0.441958,0.665191,0.364347,0.452913,0.961589,0.522774,0.245990,0.276912,0.444521,0.753101,0.518360,0.496777,A
0.518145,0.728468,0.458342,0.605398,0.919084,0.683606,0.493856,0.527000,0.804616,0.965524,0.695611,0.620525,A
0.364410,0.588804,0.329579,0.507870,0.915527,0.526444,0.345207,0.378787,0.640581,0.819990,0.539742,0.392647,A
0.178024,0.338130,0.166523,0.393844,0.957575,0.385829,0.154148,0.208367,0.443600,0.703431,0.421548,0.210640,A
0.700473,0.771739,0.574104,0.794742,0.682299,0.670364,0.992968,0.589418,0.492595,0.518720,0.696653,0.904896,B
0.577362,0.666566,0.502766,0.678814,0.595783,0.600384,0.935414,0.494640,0.401034,0.448807,0.567518,0.803722,B
0.338943,0.380296,0.287203,0.440644,0.326573,0.445440,0.996444,0.449363,0.231677,0.240930,0.354991,0.531139,B
0.636203,0.539522,0.550668,0.819845,0.641581,0.647315,0.844459,0.494186,0.436477,0.490668,0.714240,0.998318,B
0.591683,0.485892,0.468632,0.735345,0.582167,0.578750,0.858262,0.495883,0.398212,0.427121,0.611048,0.980762,B
0.563302,0.298273,0.410723,0.795064,0.451241,0.455824,0.790776,0.388330,0.231558,0.276995,0.548690,1.000000,B
0.621613,0.762195,0.614420,0.780383,0.678445,0.694334,0.988388,0.596405,0.520440,0.494950,0.667789,0.736292,B
0.547761,0.588906,0.461118,0.660158,0.553011,0.606203,0.998554,0.518720,0.370433,0.394943,0.592818,0.775138,B
0.423058,0.466180,0.313788,0.441286,0.360628,0.467231,1.000000,0.439998,0.224129,0.230670,0.452645,0.677612,B
0.653501,0.724004,0.550297,0.734258,0.668218,0.620140,0.869862,0.497563,0.478821,0.553740,0.755096,0.977643,B
0.620059,0.671099,0.542070,0.835068,0.684710,0.605843,0.859797,0.467433,0.436415,0.464226,0.667337,0.971442,B
0.487372,0.587940,0.447276,0.731973,0.536779,0.460597,0.933075,0.343376,0.232942,0.284824,0.536093,0.905656,B
0.604154,0.473843,0.473708,0.863034,0.540639,0.610249,0.887932,0.533995,0.397573,0.459369,0.579781,0.940508,B
0.571790,0.413421,0.377813,0.700443,0.423670,0.566174,0.970262,0.490074,0.356846,0.379380,0.527617,0.860178,B
0.322804,0.151900,0.179781,0.341523,0.162620,0.405220,1.000000,0.324720,0.140409,0.161095,0.322718,0.655602,B
0.974567,0.724976,0.887492,0.790965,0.732730,0.725709,0.659910,0.915279,0.630013,0.610933,0.671874,0.751503,Cm
0.790029,0.605797,0.776703,0.660373,0.550622,0.514782,0.565156,0.955218,0.566143,0.461618,0.528832,0.613073,Cm
0.740068,0.451365,0.540963,0.466752,0.417551,0.354214,0.455346,0.988982,0.469740,0.280194,0.339948,0.461527,Cm
0.890464,0.717064,0.722483,0.768284,0.682127,0.692402,0.703081,0.988126,0.650374,0.649507,0.730670,0.785001,Cm
0.991784,0.681202,0.768639,0.783627,0.683370,0.563742,0.569977,0.920476,0.628978,0.562052,0.608741,0.739585,Cm
1.000000,0.545769,0.548843,0.504375,0.334224,0.255506,0.328357,0.636930,0.349772,0.267854,0.361877,0.571208,Cm
0.989698,0.641961,0.600665,0.780460,0.748881,0.577972,0.605024,0.881209,0.627462,0.544236,0.618121,0.731925,Cm
0.997456,0.624337,0.502389,0.709241,0.632336,0.521187,0.543710,0.791648,0.529861,0.426878,0.494483,0.629174,Cm
0.996351,0.561992,0.447421,0.701996,0.424143,0.290143,0.408321,0.698173,0.408914,0.272115,0.319641,0.526580,Cm
0.968218,0.742122,0.864825,0.801520,0.710228,0.754843,0.673881,0.932978,0.576916,0.599060,0.751613,0.842474,Cm
0.849222,0.663045,0.922503,0.840934,0.686257,0.669669,0.599555,0.894688,0.522294,0.540448,0.641267,0.679596,Cm
0.776027,0.512211,0.864156,0.779965,0.509352,0.421240,0.458449,0.952032,0.394260,0.300250,0.400978,0.468199,Cm
0.897864,0.704921,0.712488,0.873176,0.723785,0.648626,0.652986,0.993510,0.675870,0.659332,0.786795,0.766703,Cm
0.961414,0.698967,0.768719,0.949044,0.727456,0.580783,0.644638,0.904918,0.613332,0.590880,0.790117,0.760091,Cm
0.955001,0.606980,0.713808,0.967760,0.582420,0.404135,0.466444,0.738294,0.491357,0.432094,0.655283,0.678414,Cm
0.742180,0.619723,0.815368,0.699108,0.740272,0.901769,0.646513,0.588162,0.663234,0.970014,0.693801,0.662831,Dm
0.654537,0.599192,0.932867,0.758900,0.710722,0.802356,0.508736,0.476772,0.541734,0.812769,0.606607,0.551544,Dm
0.501538,0.513442,0.993828,0.616376,0.553131,0.656919,0.415068,0.335106,0.404361,0.687662,0.452018,0.381918,Dm
0.550346,0.639714,0.942881,0.706050,0.776798,0.634136,0.561483,0.494540,0.556594,0.839047,0.608235,0.551812,Dm
0.455587,0.618160,1.000000,0.687033,0.742640,0.602837,0.506875,0.412739,0.481233,0.740219,0.552499,0.489660,Dm
0.261112,0.505473,1.000000,0.543400,0.540006,0.424004,0.306676,0.233529,0.300397,0.538997,0.320900,0.233877,Dm
0.771096,0.702735,0.936912,0.734734,0.750234,0.847798,0.668515,0.566191,0.631309,0.958149,0.686497,0.661774,Dm
0.680570,0.659358,0.975008,0.636154,0.712041,0.926214,0.605683,0.454700,0.518335,0.724181,0.550656,0.516509,Dm
0.460898,0.412751,0.629787,0.397518,0.559791,1.000000,0.530155,0.278796,0.308651,0.451586,0.301992,0.300397,Dm
0.565027,0.544078,0.730272,0.624211,0.671596,0.705777,0.543870,0.491182,0.611433,0.995421,0.660908,0.507016,Dm
0.494447,0.536547,0.996836,0.658345,0.686809,0.718931,0.467347,0.404467,0.499594,0.767889,0.540856,0.449289,Dm
0.254772,0.424895,1.000000,0.483975,0.380299,0.411481,0.269342,0.196470,0.281922,0.553006,0.292245,0.225673,Dm
0.541853,0.648831,0.877899,0.673961,0.670244,0.899299,0.640416,0.497789,0.598569,0.898600,0.665775,0.534916,Dm
0.448361,0.599423,0.931929,0.658768,0.618998,0.875334,0.527373,0.412113,0.588295,0.953319,0.598627,0.450906,Dm
0.230911,0.497161,0.988225,0.538146,0.364108,0.557760,0.282961,0.226726,0.433860,0.768400,0.443132,0.229345,Dm
0.680968,0.604465,0.650617,0.704884,0.925138,0.744197,0.709405,0.724682,0.674441,0.565183,0.678268,0.960019,Em
0.599019,0.502166,0.603934,0.667000,0.956719,0.690249,0.616883,0.615089,0.590022,0.491744,0.594952,0.849852,Em
0.559131,0.396543,0.479220,0.573760,0.938379,0.611647,0.518106,0.518972,0.472640,0.349382,0.488347,0.820337,Em
0.600923,0.495599,0.522731,0.673000,0.818723,0.634604,0.748401,0.546632,0.548879,0.466072,0.598147,0.973604,Em
0.494704,0.393881,0.420488,0.624849,1.000000,0.664231,0.558670,0.432994,0.412718,0.365481,0.474833,0.767355,Em
0.360231,0.229781,0.263184,0.547410,1.000000,0.571564,0.491716,0.383593,0.263924,0.219001,0.365805,0.740228,Em
0.679810,0.664285,0.845885,0.766058,0.932761,0.865915,0.754664,0.909760,0.739535,0.653296,0.704302,0.893234,Em
0.694548,0.634205,0.825343,0.783715,0.953646,0.750840,0.731215,0.831136,0.659371,0.547044,0.670899,0.904736,Em
0.579059,0.438209,0.570292,0.606426,0.908236,0.612479,0.557769,0.632172,0.520497,0.399503,0.512992,0.806637,Em
0.662494,0.589829,0.619777,0.716317,0.955687,0.747793,0.720374,0.736551,0.669111,0.576907,0.648022,0.848734,Em
0.686627,0.577922,0.728128,0.772458,0.877148,0.753727,0.739227,0.773901,0.698651,0.562688,0.701647,0.983110,Em
0.628072,0.384684,0.496292,0.555811,0.809810,0.580621,0.585252,0.582233,0.522083,0.391656,0.579530,0.990021,Em
0.615404,0.559536,0.578731,0.690110,0.938035,0.742467,0.781158,0.896097,0.735481,0.562525,0.646696,0.813817,Em
0.545533,0.457388,0.485427,0.611224,0.949768,0.667705,0.603082,0.735271,0.625452,0.481066,0.543734,0.697164,Em
0.526441,0.342275,0.381680,0.477963,0.937465,0.565984,0.501838,0.638231,0.539899,0.354560,0.479838,0.777271,Em
0.924135,0.691990,0.600503,0.719797,0.710306,0.918729,0.658832,0.732606,0.773847,0.726974,0.642099,0.671824,Fm
0.871121,0.584651,0.437604,0.578474,0.600123,0.957276,0.634673,0.536566,0.598426,0.569918,0.505777,0.593009,Fm
0.791984,0.505327,0.329981,0.421969,0.492032,0.894044,0.508162,0.393966,0.436900,0.426608,0.363644,0.464282,Fm
0.895915,0.571336,0.488256,0.597501,0.747174,0.995318,0.615149,0.596808,0.549343,0.515027,0.510965,0.600718,Fm
0.997135,0.555017,0.370245,0.454935,0.613019,0.808636,0.527356,0.547742,0.452206,0.448429,0.398094,0.572661,Fm
1.000000,0.463130,0.171821,0.223641,0.441692,0.818923,0.395708,0.295089,0.279338,0.245349,0.186158,0.441689,Fm
0.942268,0.674644,0.605938,0.806156,0.727738,0.946831,0.734257,0.714984,0.847078,0.696397,0.692480,0.712507,Fm
0.911439,0.630306,0.522010,0.732236,0.620438,0.804117,0.634184,0.620512,0.744642,0.634823,0.554389,0.622444,Fm
0.811479,0.499014,0.312735,0.436786,0.452539,0.766192,0.479728,0.400815,0.445476,0.399818,0.359666,0.450207,Fm
0.832805,0.639723,0.614071,0.859322,0.820673,0.961815,0.729897,0.699355,0.875576,0.749305,0.667721,0.659011,Fm
0.837106,0.575845,0.521837,0.751535,0.801199,0.968195,0.667892,0.714821,0.962042,0.730985,0.560727,0.587925,Fm
0.486648,0.334869,0.321179,0.451290,0.494878,0.697375,0.421304,0.527348,1.000000,0.518322,0.342866,0.379910,Fm
0.717335,0.536671,0.453025,0.503412,0.660011,0.999065,0.550070,0.456378,0.636320,0.506366,0.463920,0.548136,Fm
0.803128,0.535443,0.412724,0.467102,0.623397,0.980448,0.571785,0.527396,0.721752,0.528288,0.434282,0.555088,Fm
0.986800,0.499473,0.252882,0.267630,0.442045,0.820858,0.427402,0.429558,0.702002,0.427583,0.287499,0.512618,Fm
0.569852,0.614517,0.950436,0.676255,0.629925,0.711799,0.628437,0.898145,0.628159,0.623221,0.695423,0.655698,Gm
0.482118,0.566544,0.973151,0.647893,0.571822,0.618181,0.608029,0.883208,0.607202,0.564111,0.642578,0.557415,Gm
0.338722,0.470497,0.883010,0.519430,0.379906,0.434381,0.492574,0.933720,0.494191,0.370182,0.504131,0.403343,Gm
0.494570,0.583778,0.952760,0.666482,0.570275,0.632190,0.713161,0.893550,0.625076,0.697416,0.695707,0.616226,Gm
0.380578,0.499451,0.864002,0.527443,0.454797,0.476657,0.627625,0.921279,0.557524,0.505706,0.524875,0.443404,Gm
0.169193,0.426564,0.999020,0.461181,0.189379,0.192770,0.432813,0.828248,0.437443,0.254652,0.298267,0.238293,Gm
0.587236,0.640252,0.923707,0.680560,0.677102,0.848689,0.688068,0.958797,0.637076,0.666834,0.712847,0.676861,Gm
0.504321,0.595948,0.987988,0.696050,0.598807,0.655718,0.604992,0.853696,0.584082,0.602890,0.686555,0.579341,Gm
0.414937,0.532474,1.000000,0.604249,0.502868,0.663902,0.549578,0.702213,0.507550,0.620747,0.725443,0.523514,Gm
0.579980,0.599946,0.896205,0.692298,0.628496,0.797034,0.642645,0.748762,0.691906,0.669107,0.944414,0.698166,Gm
0.447554,0.546917,0.965749,0.624625,0.498606,0.633803,0.560045,0.671820,0.607996,0.543656,0.845373,0.555509,Gm
0.255342,0.418438,1.000000,0.548532,0.280090,0.464607,0.458218,0.621519,0.497455,0.421527,0.683760,0.354647,Gm
0.584511,0.670336,0.985884,0.720881,0.648500,0.741485,0.690694,0.851033,0.680465,0.765941,0.817177,0.742089,Gm
0.472461,0.614187,1.000000,0.643579,0.549967,0.625899,0.640314,0.812603,0.607381,0.639413,0.705025,0.560375,Gm
0.240669,0.464410,0.999723,0.470304,0.272066,0.398256,0.469221,0.786334,0.491303,0.377903,0.439579,0.313488,Gm
0.621641,0.603426,0.530138,0.639432,0.999921,0.678100,0.529726,0.500877,0.549556,0.679002,0.573483,0.716511,Am
0.587114,0.600314,0.463108,0.562686,0.978200,0.636704,0.447149,0.462899,0.551278,0.814177,0.594291,0.655700,Am
0.425105,0.387417,0.286094,0.471729,1.000000,0.546389,0.314514,0.341265,0.444128,0.768177,0.483990,0.508411,Am
0.687580,0.619471,0.511499,0.635585,0.995734,0.648249,0.516104,0.608161,0.609154,0.830123,0.652813,0.665690,Am
0.569261,0.517143,0.434648,0.597024,0.981054,0.597798,0.437632,0.461145,0.549437,0.771589,0.566284,0.521496,Am
0.425262,0.328957,0.299542,0.503165,0.976081,0.534018,0.311935,0.376774,0.499436,0.817083,0.530313,0.416823,Am
0.769609,0.551879,0.506844,0.633826,0.912532,0.695738,0.566327,0.640276,0.596525,0.872448,0.704578,0.731095,Am
0.864523,0.577624,0.424793,0.533804,0.912992,0.612989,0.427932,0.483936,0.569951,0.865976,0.669565,0.740242,Am
0.752134,0.438089,0.295085,0.455988,0.946598,0.514886,0.307103,0.334800,0.440488,0.735278,0.544289,0.647299,Am
0.848952,0.753186,0.637324,0.755992,0.996071,0.730749,0.621757,0.752260,0.688844,0.778080,0.708411,0.672324,Am
0.691831,0.565880,0.471605,0.641882,1.000000,0.657066,0.505692,0.582058,0.507106,0.599943,0.533717,0.546391,Am
0.502322,0.500559,0.285918,0.423689,0.781293,0.400491,0.287507,0.389317,0.560468,0.998861,0.568232,0.371322,Am
0.967984,0.724039,0.575602,0.687252,0.937031,0.676764,0.608976,0.825149,0.625973,0.722279,0.691682,0.707524,Am
0.936793,0.727891,0.534217,0.651402,0.949925,0.668694,0.561079,0.730013,0.665028,0.861018,0.696165,0.676526,Am
0.817013,0.679646,0.407299,0.532350,0.952082,0.554142,0.401619,0.608648,0.636698,0.960171,0.576482,0.523621,Am
0.694885,0.698070,0.725724,0.770138,0.700656,0.671220,0.856196,0.587418,0.589873,0.716205,0.779463,0.969626,Bm
0.626256,0.731805,0.966466,0.830817,0.633895,0.592527,0.786881,0.505714,0.501749,0.673753,0.681191,0.842965,Bm
0.549328,0.647954,0.993976,0.712947,0.478342,0.540729,0.833512,0.481042,0.428517,0.593519,0.626453,0.819792,Bm
0.672210,0.628115,0.695670,0.695217,0.563514,0.642670,0.860667,0.546844,0.479506,0.558410,0.704512,0.998342,Bm
0.658319,0.652788,0.821596,0.716293,0.617951,0.669935,0.917310,0.592393,0.500231,0.520251,0.644219,0.974358,Bm
0.623741,0.599298,0.942247,0.580083,0.401541,0.511850,0.846318,0.445916,0.311614,0.351513,0.570774,0.984897,Bm
0.711074,0.815161,0.799785,0.774868,0.636431,0.721322,0.921939,0.612490,0.567752,0.607419,0.680836,0.923438,Bm
0.598721,0.636324,0.651211,0.656210,0.522612,0.612492,0.983678,0.573812,0.412491,0.466653,0.613613,0.862042,Bm
0.430393,0.449761,0.465049,0.435390,0.286773,0.430762,0.985376,0.483268,0.235936,0.272331,0.457517,0.716006,Bm
0.726647,0.761399,0.706660,0.632313,0.657245,0.626705,0.860865,0.517337,0.552361,0.643964,0.699625,0.978538,Bm
0.666929,0.800493,0.806496,0.651795,0.676376,0.650753,0.838682,0.494136,0.525103,0.572214,0.687793,0.997655,Bm
0.513171,0.757954,0.808509,0.496474,0.459924,0.476927,0.937045,0.373140,0.284043,0.385857,0.522935,0.909030,Bm
0.625952,0.577194,0.814173,0.722404,0.692434,0.757336,0.999399,0.624788,0.585591,0.790925,0.675489,0.854630,Bm
0.571361,0.541268,0.804905,0.646651,0.590030,0.693306,0.979452,0.572960,0.514436,0.693536,0.625664,0.797774,Bm
0.350179,0.262461,0.458591,0.282135,0.235369,0.457060,1.000000,0.382165,0.234910,0.321488,0.369829,0.624888,Bm
0.857972,0.467636,0.367858,0.388520,0.887659,0.411139,0.355482,0.968988,0.507992,0.172734,0.245399,0.568700,C
0.925844,0.504665,0.255135,0.297085,0.826545,0.351353,0.241716,0.704949,0.353327,0.089857,0.152440,0.470131,C
0.988097,0.519485,0.228813,0.261887,0.787700,0.314900,0.186926,0.609792,0.269648,0.061009,0.118922,0.451157,C
0.493511,0.302898,0.291760,0.276837,0.707099,0.242043,0.331184,1.000000,0.362867,0.117136,0.133674,0.295375,C
0.619672,0.382260,0.231893,0.331558,0.961821,0.320693,0.261402,0.830391,0.296706,0.099194,0.155447,0.360211,C
0.866799,0.496531,0.173016,0.307922,0.950627,0.317293,0.230019,0.784164,0.274221,0.062168,0.127605,0.411993,C
0.932204,0.480516,0.209433,0.184133,0.527022,0.243879,0.312101,0.946759,0.373330,0.097792,0.167475,0.433684,C
1.000000,0.558315,0.189790,0.134830,0.374591,0.160019,0.225956,0.705785,0.278093,0.071953,0.161293,0.462388,C
1.000000,0.591551,0.173714,0.149097,0.425138,0.174671,0.164165,0.446925,0.200245,0.053693,0.141366,0.457581,C
0.572019,0.389566,0.368837,0.298972,0.722318,0.271160,0.351469,0.998033,0.392220,0.106681,0.143216,0.371005,C
0.685965,0.445141,0.308456,0.323194,0.836497,0.308158,0.325962,0.970136,0.376845,0.098729,0.147419,0.388927,C
0.844430,0.512504,0.232326,0.338320,0.979690,0.344990,0.275922,0.797334,0.311622,0.066053,0.132942,0.424496,C
0.936569,0.576149,0.264719,0.158388,0.548496,0.243195,0.320500,0.898384,0.425913,0.111332,0.191639,0.576310,C
1.000000,0.632794,0.238732,0.107546,0.343011,0.152116,0.265766,0.760033,0.348370,0.087668,0.190559,0.539575,C
1.000000,0.621251,0.190336,0.066410,0.191872,0.082563,0.163851,0.423440,0.210010,0.061345,0.157783,0.489333,C
0.128162,0.495369,0.952043,0.460883,0.331272,0.364788,0.932273,0.309629,0.306113,0.851928,0.404069,0.098428,D
0.090532,0.439780,1.000000,0.488023,0.291743,0.273929,0.682656,0.228613,0.214637,0.539918,0.276674,0.060689,D
0.084482,0.440276,1.000000,0.524460,0.330033,0.204494,0.415481,0.139396,0.167286,0.535286,0.232416,0.043604,D
0.103031,0.483070,0.975279,0.500208,0.277770,0.232738,0.653635,0.253303,0.332010,0.974029,0.424692,0.086468,D
0.083981,0.390460,0.802120,0.420910,0.158271,0.130695,0.381555,0.161820,0.352378,1.000000,0.439029,0.076851,D
0.065223,0.290072,0.631009,0.336311,0.118779,0.119093,0.396015,0.161882,0.371678,1.000000,0.450913,0.067519,D
0.095797,0.441747,1.000000,0.483132,0.171909,0.142419,0.388772,0.180908,0.212749,0.672393,0.279724,0.060982,D
0.088085,0.440258,1.000000,0.516794,0.155284,0.089714,0.213171,0.097811,0.163927,0.538522,0.226529,0.046892,D
0.091555,0.449167,1.000000,0.544849,0.155245,0.111971,0.296832,0.112279,0.109710,0.319888,0.154725,0.041749,D
0.123319,0.543668,0.962141,0.496049,0.404158,0.374047,0.778822,0.401533,0.319345,0.875075,0.414088,0.096517,D
0.070507,0.441173,1.000000,0.473436,0.240261,0.169004,0.382013,0.177645,0.157035,0.464206,0.222844,0.043006,D
0.072228,0.440253,1.000000,0.490796,0.267592,0.195945,0.493313,0.206783,0.139281,0.413684,0.201445,0.040602,D
0.145035,0.619980,0.968208,0.587624,0.439512,0.433933,0.913614,0.475798,0.338211,0.845054,0.438201,0.110552,D
0.119184,0.546260,1.000000,0.600319,0.433268,0.321339,0.697873,0.334310,0.284677,0.787953,0.401709,0.078913,D
0.096891,0.509198,1.000000,0.576486,0.376055,0.313789,0.839600,0.345961,0.194110,0.532485,0.273995,0.057413,D
0.368380,0.122357,0.161799,0.487001,0.995923,0.515029,0.370463,0.300136,0.651427,0.356234,0.380719,0.743699,E
0.434676,0.123076,0.137742,0.443893,0.927908,0.479438,0.366614,0.262961,0.518829,0.285316,0.392915,0.838527,E
0.440164,0.129403,0.145390,0.474353,1.000000,0.563529,0.453428,0.250806,0.376022,0.229200,0.355459,0.733584,E
0.361130,0.081545,0.156998,0.476290,1.000000,0.478237,0.160348,0.221898,0.761310,0.304386,0.304872,0.886382,E
0.348841,0.056279,0.097937,0.412910,0.991610,0.459758,0.117079,0.160280,0.592099,0.217275,0.291598,0.880568,E
0.367023,0.043970,0.086388,0.381267,0.960119,0.448241,0.084258,0.062724,0.221617,0.082899,0.306951,0.951585,E
0.224338,0.051467,0.106005,0.427523,1.000000,0.495665,0.140783,0.138000,0.441035,0.160466,0.162842,0.531413,E
0.162104,0.029762,0.077983,0.376697,1.000000,0.477291,0.103238,0.077752,0.235042,0.081910,0.116131,0.391361,E
0.154246,0.027906,0.085605,0.396537,1.000000,0.521144,0.108650,0.066154,0.183440,0.067037,0.113249,0.360707,E
0.373977,0.127057,0.206642,0.532798,0.977669,0.469020,0.344388,0.345847,0.813854,0.439733,0.417228,0.843317,E
0.305801,0.076017,0.150274,0.486088,0.992858,0.533690,0.284757,0.235873,0.532322,0.265170,0.284073,0.664885,E
0.255749,0.062131,0.125121,0.464910,1.000000,0.517430,0.320915,0.201059,0.378134,0.179659,0.205487,0.578785,E
0.333242,0.086900,0.144166,0.488254,0.619081,0.344971,0.319363,0.376571,0.979185,0.378209,0.271744,0.669135,E
0.337485,0.077668,0.128059,0.500953,0.832809,0.398224,0.275298,0.356824,0.926859,0.372931,0.285847,0.716326,E
0.383678,0.056694,0.083969,0.467046,0.941800,0.427411,0.390247,0.342560,0.822169,0.320906,0.310889,0.938736,E
0.823079,0.489300,0.215170,0.212069,0.533226,0.975740,0.461337,0.441143,0.348973,0.755013,0.428636,0.437326,F
0.773936,0.443922,0.149946,0.151182,0.495247,0.969743,0.511840,0.338230,0.238840,0.490638,0.285091,0.363094,F
0.989791,0.521909,0.157330,0.162252,0.521231,0.970842,0.530595,0.386310,0.228891,0.390180,0.251933,0.404925,F
0.613674,0.314250,0.147649,0.227186,0.595279,1.000000,0.593636,0.233060,0.256344,0.437309,0.277809,0.259916,F
0.667233,0.343147,0.106157,0.202895,0.603946,1.000000,0.555674,0.218173,0.248769,0.406990,0.274452,0.284582,F
0.466258,0.285502,0.105151,0.233332,0.694555,1.000000,0.531738,0.205897,0.256473,0.398314,0.282211,0.249162,F
0.600761,0.339993,0.131123,0.225958,0.640748,0.904892,0.554460,0.393336,0.419586,0.995901,0.405966,0.276552,F
0.690080,0.386081,0.125932,0.229945,0.671322,0.994948,0.565463,0.428452,0.437476,0.926022,0.435100,0.334210,F
0.723604,0.396616,0.116902,0.247556,0.728707,1.000000,0.565127,0.395466,0.370345,0.684195,0.358008,0.326450,F
0.435664,0.233304,0.082384,0.134555,0.440188,0.997408,0.415130,0.133973,0.296947,0.880099,0.323476,0.163473,F
0.580070,0.276431,0.058977,0.093943,0.370632,0.945193,0.396721,0.115258,0.332150,0.905889,0.393643,0.216508,F
0.490769,0.224184,0.036655,0.054764,0.189227,0.473305,0.205865,0.080987,0.379844,1.000000,0.463549,0.193772,F
0.550906,0.215666,0.055669,0.121556,0.475880,1.000000,0.494215,0.143701,0.198112,0.815182,0.268312,0.132450,F
0.863223,0.275346,0.058802,0.126991,0.442718,0.980358,0.508135,0.127943,0.184482,0.808207,0.261225,0.197803,F
0.179662,0.060181,0.022899,0.081052,0.385939,1.000000,0.466706,0.068018,0.057965,0.249492,0.074926,0.045047,F
0.322124,0.272374,0.642584,0.377255,0.137134,0.195301,0.592128,1.000000,0.464296,0.304083,0.348759,0.633338,G
0.480347,0.300915,0.599120,0.383653,0.157759,0.233047,0.692041,0.910451,0.460294,0.348812,0.483039,0.951250,G
0.417075,0.299432,0.586837,0.369087,0.155282,0.223847,0.713906,0.997535,0.553555,0.408039,0.427436,0.760611,G
0.262293,0.309114,0.716899,0.347572,0.173807,0.141214,0.432233,0.977700,0.443791,0.277419,0.260166,0.560964,G
0.238437,0.417172,0.989335,0.480917,0.153477,0.124936,0.355894,0.825131,0.422193,0.237237,0.218543,0.463825,G
0.221263,0.318332,0.733753,0.373049,0.139038,0.139147,0.390775,0.930763,0.490175,0.248645,0.218515,0.438609,G
0.436662,0.420917,0.936877,0.465200,0.196666,0.235141,0.503985,0.562464,0.424511,0.445303,0.439539,0.794453,G
0.492131,0.445299,0.965068,0.501812,0.167631,0.204034,0.481131,0.491649,0.366056,0.398034,0.473785,0.827785,G
0.596223,0.478423,0.921592,0.505030,0.198673,0.248344,0.610236,0.617719,0.478235,0.549921,0.601570,0.955071,G
0.380646,0.222315,0.413496,0.276953,0.117850,0.136400,0.289641,0.396505,0.320725,0.321054,0.352878,1.000000,G
0.456194,0.439944,0.910714,0.587595,0.217758,0.227389,0.489273,0.653177,0.543141,0.510573,0.464380,0.991082,G
0.417508,0.327874,0.622664,0.413329,0.191825,0.197251,0.405849,0.562581,0.487353,0.514354,0.437888,1.000000,G
0.191189,0.281532,1.000000,0.398751,0.064308,0.069561,0.269436,0.614640,0.294390,0.132673,0.140993,0.550376,G
0.141018,0.293184,1.000000,0.388053,0.045633,0.048598,0.196200,0.461608,0.230143,0.068434,0.093707,0.384515,G
0.109835,0.307009,1.000000,0.393637,0.034668,0.031463,0.187193,0.556309,0.227519,0.033873,0.062699,0.290271,G
0.353670,0.821583,0.388334,0.388217,0.909482,0.421555,0.123570,0.155395,0.533389,0.986005,0.581245,0.346558,A
0.314283,0.787979,0.321300,0.329855,0.975418,0.401773,0.077915,0.106264,0.387392,0.788207,0.456193,0.214806,A
0.374764,0.951596,0.380961,0.280406,0.854522,0.341958,0.071548,0.112777,0.350672,0.628751,0.387881,0.191774,A
0.237821,0.577279,0.284424,0.333062,0.843664,0.381419,0.110530,0.126487,0.418992,0.997159,0.477364,0.196899,A
0.266267,0.654417,0.312812,0.353293,0.885733,0.402695,0.100390,0.123352,0.429609,0.990865,0.504146,0.210957,A
0.297991,0.723799,0.338032,0.303607,0.750622,0.330280,0.085421,0.125701,0.457340,1.000000,0.542947,0.199404,A
0.260281,0.691626,0.277244,0.217516,0.671301,0.221597,0.060116,0.080694,0.359305,1.000000,0.379617,0.122911,A
0.283710,0.779580,0.316984,0.226520,0.691186,0.227591,0.048684,0.072265,0.376237,1.000000,0.431433,0.112189,A
0.319120,0.860121,0.358097,0.229774,0.686841,0.219521,0.032175,0.067259,0.390808,0.999819,0.467757,0.094378,A
0.341374,0.677922,0.357564,0.354608,0.750283,0.392653,0.124952,0.167294,0.530458,1.000000,0.567933,0.286630,A
0.417597,0.856353,0.459408,0.412536,1.000000,0.457976,0.115327,0.160312,0.435310,0.690249,0.429024,0.300319,A
0.359191,0.776890,0.406521,0.355268,1.000000,0.409725,0.080700,0.129603,0.414143,0.752436,0.453775,0.243191,A
0.183651,0.681162,0.233014,0.266941,0.898647,0.377317,0.109057,0.164466,0.447123,0.866395,0.552407,0.274846,A
0.114781,0.361387,0.117550,0.174731,0.599678,0.241732,0.080330,0.153182,0.487843,1.000000,0.603189,0.211228,A
0.085885,0.256816,0.084235,0.164497,0.543656,0.210840,0.061945,0.130092,0.483812,1.000000,0.605768,0.169091,A
0.323514,0.214978,0.246821,0.595561,0.246032,0.367846,0.998048,0.399453,0.104861,0.111570,0.350299,0.634731,B
0.537902,0.222883,0.308365,0.826189,0.320604,0.321902,0.926864,0.388126,0.105917,0.138749,0.520817,0.970593,B
0.539448,0.180940,0.257394,0.673666,0.246385,0.256676,0.856215,0.321155,0.073677,0.132716,0.508797,0.899253,B
0.479133,0.194980,0.200777,0.522181,0.274252,0.329520,0.929612,0.404926,0.113129,0.174139,0.466629,0.957001,B
0.507379,0.189527,0.189762,0.471468,0.226931,0.327478,0.925957,0.417562,0.098877,0.145573,0.456891,0.926469,B
0.612412,0.217247,0.244300,0.595046,0.256864,0.177321,0.462513,0.231697,0.082272,0.153015,0.521645,1.000000,B
0.254272,0.225747,0.268050,0.649302,0.262031,0.355505,0.999293,0.409930,0.098923,0.106254,0.306179,0.372813,B
0.343868,0.207312,0.307073,0.808037,0.311489,0.351047,0.929933,0.371893,0.094538,0.128293,0.375341,0.483247,B
0.411346,0.203876,0.312746,0.827138,0.307646,0.268900,0.871446,0.349900,0.083598,0.140751,0.389187,0.498991,B
0.371583,0.229608,0.346660,0.955644,0.328374,0.310699,0.982858,0.298741,0.075553,0.089936,0.423719,0.878612,B
0.357137,0.124095,0.335735,0.995860,0.344669,0.277221,0.854049,0.268081,0.058985,0.068780,0.394195,0.863064,B
0.323085,0.054603,0.329525,1.000000,0.353975,0.188928,0.596883,0.182398,0.022087,0.030546,0.319144,0.772361,B
0.377344,0.118565,0.168803,0.732511,0.207869,0.156935,0.577903,0.275240,0.051519,0.075537,0.395750,1.000000,B
0.369016,0.055551,0.119383,0.604548,0.168134,0.137670,0.452700,0.181032,0.027745,0.035734,0.321319,1.000000,B
0.415671,0.041651,0.090665,0.493127,0.139375,0.120156,0.431127,0.157617,0.019112,0.030971,0.362522,1.000000,B
0.490429,0.306598,0.473154,0.807818,0.298742,0.090974,0.324321,0.963516,0.348042,0.131476,0.207356,0.297194,Cm
0.519819,0.334718,0.427716,0.863607,0.308877,0.067044,0.256835,0.836566,0.302645,0.100406,0.199917,0.318207,Cm
0.959534,0.566219,0.434490,0.784217,0.291466,0.048826,0.229787,0.808704,0.282928,0.076712,0.188452,0.456359,Cm
0.780418,0.509366,0.582036,1.000000,0.352066,0.116755,0.297717,0.799103,0.381361,0.120599,0.254805,0.444166,Cm
0.815648,0.513716,0.551428,0.991736,0.323919,0.074166,0.223861,0.650336,0.303512,0.092160,0.217883,0.422672,Cm
1.000000,0.627332,0.630908,0.861917,0.293746,0.062677,0.230180,0.672069,0.323241,0.083489,0.200201,0.485712,Cm
0.980255,0.504358,0.324801,0.517720,0.246967,0.109890,0.282091,0.877406,0.339400,0.095663,0.179635,0.429110,Cm
1.000000,0.549446,0.316462,0.527248,0.213638,0.075291,0.300978,0.858322,0.375957,0.084437,0.156748,0.442100,Cm
1.000000,0.575753,0.263923,0.378915,0.149264,0.044271,0.188731,0.514785,0.238746,0.058929,0.140351,0.447338,Cm
0.601734,0.271678,0.383043,0.723883,0.242007,0.069943,0.278048,1.000000,0.271552,0.077691,0.129763,0.237525,Cm
0.708030,0.320833,0.373972,0.975076,0.324480,0.054193,0.233061,0.819994,0.231249,0.064341,0.112154,0.264291,Cm
0.865746,0.378761,0.372313,1.000000,0.347859,0.035766,0.203653,0.699136,0.197401,0.035252,0.095968,0.294908,Cm
0.867601,0.599456,0.665363,0.809722,0.466764,0.151395,0.359962,0.995986,0.455989,0.161614,0.389939,0.537867,Cm
0.867044,0.568913,0.622281,0.868420,0.476086,0.146296,0.374352,0.987352,0.505799,0.164623,0.372228,0.505700,Cm
1.000000,0.638261,0.615002,0.678132,0.384082,0.101807,0.182741,0.560593,0.256264,0.104485,0.272379,0.523650,Cm
0.314799,0.451331,0.858857,0.425016,0.478452,0.932598,0.336024,0.109893,0.287284,0.880576,0.405484,0.191893,Dm
0.170626,0.443403,0.974486,0.499026,0.497142,0.803369,0.291821,0.082344,0.248330,0.732713,0.317753,0.096132,Dm
0.103000,0.434052,0.981520,0.495257,0.409549,0.638176,0.231055,0.045803,0.155496,0.514199,0.217667,0.049353,Dm
0.128103,0.439583,0.924431,0.505892,0.414860,0.834807,0.307249,0.095919,0.318892,0.987058,0.359156,0.076154,Dm
0.105547,0.392307,0.866559,0.461883,0.303921,0.667152,0.233051,0.087048,0.358945,0.996406,0.426166,0.078599,Dm
0.070670,0.298410,0.680268,0.352189,0.154053,0.278204,0.097794,0.066866,0.382420,1.000000,0.465933,0.070104,Dm
0.206542,0.520334,0.958673,0.500405,0.557701,0.848045,0.441590,0.127115,0.288727,0.845985,0.362026,0.105752,Dm
0.108628,0.440688,1.000000,0.493779,0.363045,0.544156,0.231944,0.053819,0.171459,0.549369,0.232375,0.047478,Dm
0.107140,0.432304,1.000000,0.496719,0.407557,0.599469,0.222073,0.040414,0.140536,0.445569,0.197283,0.044037,Dm
0.132118,0.298488,0.498805,0.364210,0.478469,1.000000,0.361947,0.099273,0.235724,0.704163,0.295034,0.075668,Dm
0.103292,0.330990,0.632212,0.449502,0.530245,1.000000,0.379051,0.083143,0.239743,0.719869,0.307007,0.061292,Dm
0.129133,0.501445,1.000000,0.662439,0.558475,0.625459,0.266507,0.078049,0.233213,0.697444,0.326635,0.070957,Dm
0.163266,0.518699,0.856534,0.528057,0.433719,0.724083,0.286181,0.107690,0.304835,0.995301,0.393120,0.084361,Dm
0.102122,0.486065,1.000000,0.574500,0.261781,0.365921,0.134111,0.045109,0.154875,0.484302,0.214376,0.048088,Dm
0.088342,0.465532,1.000000,0.566404,0.198304,0.241200,0.086772,0.022807,0.100389,0.302035,0.147951,0.037690,Dm
0.339181,0.153445,0.280406,0.459915,0.996536,0.546174,0.539243,0.733966,0.428090,0.163412,0.362952,0.754831,Em
0.363045,0.116409,0.161899,0.389851,0.972333,0.495623,0.431508,0.495946,0.279434,0.113543,0.340103,0.726306,Em
0.405934,0.133757,0.215377,0.416560,1.000000,0.551756,0.462283,0.396953,0.190652,0.096931,0.334142,0.748932,Em
0.328881,0.071115,0.179839,0.438459,0.998043,0.501833,0.308763,0.826689,0.290068,0.115212,0.271798,0.918930,Em
0.335145,0.053842,0.123332,0.407950,0.999713,0.495087,0.269414,0.744720,0.247247,0.076646,0.286488,0.878982,Em
0.353238,0.044879,0.099039,0.392176,1.000000,0.474510,0.129607,0.279681,0.090815,0.037529,0.293844,0.904532,Em
0.205672,0.122424,0.285513,0.417776,0.911207,0.464837,0.414278,0.892347,0.375766,0.109413,0.180318,0.345392,Em
0.241623,0.118353,0.259833,0.432535,0.983715,0.478932,0.304231,0.601120,0.266909,0.092170,0.195513,0.362684,Em
0.435459,0.183762,0.287705,0.480353,0.999243,0.594104,0.471504,0.645059,0.293127,0.142671,0.348716,0.586401,Em
0.329549,0.171567,0.329664,0.497669,0.898624,0.611419,0.570039,0.998765,0.510473,0.144091,0.278417,0.527222,Em
0.332232,0.161504,0.356386,0.532364,1.000000,0.639287,0.378982,0.609084,0.317724,0.115342,0.264805,0.480244,Em
0.442796,0.181204,0.256156,0.457880,1.000000,0.612534,0.456924,0.556729,0.283770,0.131349,0.343215,0.602504,Em
0.185513,0.058532,0.154425,0.312364,0.722193,0.428134,0.398310,1.000000,0.427473,0.091412,0.165373,0.424156,Em
0.211485,0.056943,0.150596,0.357572,0.802216,0.481412,0.389082,1.000000,0.405378,0.070440,0.190437,0.456039,Em
0.362895,0.085179,0.186415,0.456803,1.000000,0.608418,0.319789,0.604478,0.274518,0.068833,0.306543,0.742678,Em
0.849882,0.429289,0.219738,0.284231,0.429857,0.956015,0.475398,0.571747,0.788036,0.494653,0.227755,0.413293,Fm
0.832396,0.442690,0.175976,0.245069,0.417934,0.913487,0.505644,0.441215,0.556102,0.322204,0.150850,0.370158,Fm
0.977876,0.532577,0.188053,0.250001,0.393977,0.863323,0.497497,0.457478,0.506165,0.256526,0.142258,0.421742,Fm
0.805865,0.305836,0.067051,0.147209,0.403717,1.000000,0.464841,0.239259,0.676847,0.230755,0.088904,0.242704,Fm
1.000000,0.402278,0.058873,0.093276,0.238424,0.557293,0.280715,0.183349,0.598265,0.193979,0.066195,0.320690,Fm
1.000000,0.444672,0.047958,0.064193,0.194174,0.456373,0.241000,0.079511,0.243356,0.075808,0.046578,0.343773,Fm
0.696531,0.400848,0.230680,0.304419,0.505491,0.984608,0.614225,0.454981,0.913884,0.303434,0.148566,0.302321,Fm
0.618244,0.394369,0.192022,0.190000,0.438202,1.000000,0.582816,0.377394,0.692719,0.248049,0.136600,0.282199,Fm
0.962486,0.579068,0.197744,0.164782,0.398510,0.882352,0.533795,0.317853,0.488270,0.183202,0.148935,0.429250,Fm
0.841652,0.337967,0.125247,0.223633,0.450954,0.999448,0.519024,0.399428,0.856526,0.384240,0.112505,0.267052,Fm
0.870067,0.393383,0.091925,0.194322,0.411503,0.954107,0.479938,0.336977,0.980416,0.383372,0.078159,0.301386,Fm
0.999571,0.420093,0.061392,0.108312,0.264338,0.656488,0.316422,0.261127,0.892607,0.327260,0.060416,0.319977,Fm
0.505368,0.197018,0.042694,0.104620,0.372391,1.000000,0.478293,0.163636,0.264471,0.193662,0.047239,0.147579,Fm
0.555783,0.239709,0.043043,0.105060,0.360953,1.000000,0.495158,0.149980,0.256751,0.171611,0.043570,0.181722,Fm
0.778377,0.339849,0.042971,0.097489,0.354467,1.000000,0.502321,0.144189,0.255356,0.163696,0.046130,0.254896,Fm
0.111954,0.291105,0.689575,0.336857,0.182852,0.174784,0.411315,0.978842,0.451461,0.440902,0.665348,0.319514,Gm
0.101503,0.379992,0.932605,0.441071,0.139263,0.132806,0.356859,0.894086,0.400285,0.398364,0.630644,0.305710,Gm
0.105082,0.355219,0.854431,0.415813,0.146518,0.161747,0.369423,0.864519,0.479945,0.533007,0.862297,0.385984,Gm
0.055384,0.274321,1.000000,0.355099,0.060732,0.093634,0.261271,0.625114,0.310040,0.247592,0.614400,0.206211,Gm
0.039971,0.290728,1.000000,0.373191,0.042165,0.046653,0.170852,0.432927,0.214903,0.151824,0.463768,0.154275,Gm
0.032480,0.302911,1.000000,0.385211,0.033892,0.034981,0.193515,0.536044,0.237406,0.110749,0.374018,0.122039,Gm
0.114040,0.201698,0.494674,0.258054,0.137424,0.245826,0.458024,1.000000,0.507343,0.346111,0.369061,0.250160,Gm
0.197339,0.340218,0.761006,0.429261,0.235935,0.408344,0.542290,0.998068,0.522063,0.546192,0.630024,0.416693,Gm
0.212664,0.315407,0.684168,0.399354,0.244858,0.472338,0.597397,1.000000,0.610994,0.558590,0.580226,0.389092,Gm
0.100256,0.302765,0.916261,0.343598,0.154542,0.231709,0.395996,0.674490,0.513511,0.568818,0.972718,0.403978,Gm
0.083129,0.272859,0.799211,0.307190,0.111698,0.197313,0.321013,0.509034,0.414734,0.577266,1.000000,0.430661,Gm
0.072843,0.249967,0.729033,0.287900,0.093050,0.145662,0.257298,0.385280,0.336189,0.566327,1.000000,0.433908,Gm
0.067153,0.274314,1.000000,0.364617,0.076544,0.105040,0.279527,0.619977,0.322666,0.313819,0.533825,0.240845,Gm
0.074233,0.296278,1.000000,0.382094,0.054890,0.076949,0.236369,0.546056,0.290073,0.392243,0.820353,0.375193,Gm
0.075027,0.290805,0.971296,0.372146,0.035123,0.046226,0.148456,0.357547,0.209904,0.435025,1.000000,0.465177,Gm
0.604058,0.334148,0.188009,0.391095,0.933811,0.416923,0.164471,0.346325,0.510350,0.970749,0.587292,0.476421,Am
0.533974,0.269405,0.100809,0.331556,0.978670,0.393859,0.111281,0.267343,0.404578,0.744256,0.443634,0.322649,Am
0.656357,0.323534,0.084082,0.294354,0.959571,0.377852,0.112885,0.346157,0.374214,0.609946,0.384502,0.344225,Am
0.412321,0.230191,0.127398,0.333399,0.851561,0.376983,0.108862,0.149752,0.402872,0.981783,0.463549,0.271198,Am
0.471969,0.236723,0.105411,0.339841,0.886343,0.393557,0.105265,0.150644,0.434314,0.988949,0.524330,0.312058,Am
0.432209,0.199350,0.073692,0.254721,0.666801,0.293022,0.079245,0.130027,0.449669,1.000000,0.545164,0.297081,Am
0.610606,0.436563,0.196076,0.313365,0.763671,0.379525,0.144771,0.236571,0.484755,1.000000,0.597711,0.437077,Am
0.883902,0.574314,0.213910,0.335909,1.000000,0.454479,0.141933,0.268049,0.453927,0.804486,0.525587,0.559158,Am
0.859219,0.533596,0.154501,0.282509,1.000000,0.411636,0.096855,0.191203,0.416496,0.769558,0.518744,0.505304,Am
0.591309,0.217107,0.100780,0.308903,0.967331,0.353587,0.081556,0.141383,0.387687,0.859392,0.516495,0.252838,Am
0.270620,0.126840,0.052244,0.156616,0.481119,0.173266,0.055624,0.125725,0.446938,1.000000,0.576883,0.182538,Am
0.212776,0.099538,0.041680,0.143411,0.409294,0.153098,0.056523,0.129355,0.474527,1.000000,0.593156,0.186339,Am
0.985111,0.391034,0.128197,0.293192,0.821698,0.255268,0.097623,0.201053,0.399839,0.815049,0.501056,0.396442,Am
0.949894,0.418379,0.110220,0.321555,0.910392,0.300226,0.092643,0.194241,0.392402,0.818947,0.487652,0.420235,Am
0.511790,0.253071,0.066239,0.306334,0.963657,0.331082,0.069766,0.138243,0.447573,0.930765,0.563917,0.299791,Am
0.443805,0.508109,0.958032,0.454546,0.168648,0.314518,0.844050,0.260378,0.131336,0.341356,0.440178,0.781137,Bm
0.505180,0.464788,0.917429,0.483997,0.136507,0.191853,0.546167,0.178760,0.110894,0.308200,0.475475,0.828792,Bm
0.571345,0.469168,0.948082,0.477614,0.121276,0.155748,0.435137,0.152787,0.101511,0.308301,0.521480,0.904524,Bm
0.501565,0.334038,0.592907,0.290924,0.142577,0.335678,0.926392,0.402098,0.108551,0.183869,0.461643,0.960384,Bm
0.590832,0.369840,0.624964,0.272916,0.086077,0.240045,0.642103,0.301571,0.096982,0.170530,0.512305,1.000000,Bm
0.574045,0.302032,0.438260,0.186754,0.069684,0.271670,0.731548,0.332341,0.085784,0.140096,0.488400,1.000000,Bm
0.340173,0.434988,1.000000,0.401215,0.144108,0.345707,0.833238,0.413193,0.115127,0.195716,0.340944,0.506827,Bm
0.394825,0.455440,1.000000,0.409494,0.092507,0.247725,0.723577,0.321386,0.088674,0.180611,0.371074,0.534372,Bm
0.476995,0.501757,1.000000,0.393962,0.062681,0.135625,0.395212,0.179730,0.078634,0.183959,0.426394,0.568955,Bm
0.329108,0.396333,0.872420,0.312294,0.096811,0.301310,1.000000,0.280343,0.077703,0.146902,0.318574,0.745678,Bm
0.314495,0.376370,0.981669,0.352379,0.065338,0.271741,0.888112,0.255394,0.053875,0.108751,0.285375,0.690180,Bm
0.364888,0.364916,1.000000,0.361220,0.041435,0.164482,0.563965,0.161028,0.034331,0.079517,0.308888,0.869502,Bm
0.385554,0.205063,0.682902,0.270129,0.057576,0.197400,0.717116,0.248149,0.056635,0.151159,0.347637,1.000000,Bm
0.387044,0.138476,0.523094,0.183863,0.035617,0.135979,0.480827,0.168723,0.031104,0.076274,0.318810,1.000000,Bm
0.388312,0.090487,0.364498,0.114558,0.016574,0.065922,0.247358,0.090209,0.014805,0.032317,0.329062,1.000000,Bm
